MatchEventId,MatchId,TeamId,MatchEventTypeId,TeamRosterId,Occurences,Comments
1,301,5,2,7,1,N. Ncube keeper
2,301,5,3,7,3,NULL
3,301,5,4,7,7,N. Ncube keeper
4,190,29,4,31,1,5 GK saves
5,702,58,4,60,1,NULL
6,735,58,4,60,3,NULL
7,613,70,2,72,1,6
8,613,70,3,72,1,2
9,613,70,4,72,1,4
11,345,97,2,98,10,NULL
12,345,97,3,98,2,NULL
13,345,97,4,98,4,NULL
14,345,97,6,98,2,NULL
15,381,106,7,107,1,#5  Hollander
16,501,155,4,154,1,9 saves
17,735,160,3,159,3,NULL
18,735,160,4,159,4,NULL
19,495,38,4,230,1,10 saves
20,501,38,4,244,1,9 saves
21,496,38,6,248,1,NULL
22,639,59,3,364,3,NULL
23,495,39,4,547,1,11 Saves
24,514,39,4,547,1,10
25,444,21,4,566,1,5 saves
26,613,49,2,718,1,10
27,613,49,3,718,1,3
28,613,49,4,721,1,4
29,264,11,2,743,1,NULL
30,264,11,2,748,1,NULL
31,264,11,2,750,2,NULL
32,264,11,2,751,1,NULL
33,735,58,3,753,5,NULL
34,735,58,3,775,1,NULL
35,514,60,2,784,1,13
36,514,60,3,784,1,1
37,514,60,4,784,1,9
38,514,39,2,818,1,11
39,514,39,3,818,1,0
40,358,6,4,820,2,NULL
41,358,6,4,820,1,Diving save
42,358,6,2,821,1,NULL
43,358,6,2,825,1,Hit the post
44,358,6,2,830,1,NULL
45,358,6,2,835,1,NULL
46,358,6,3,835,4,NULL
47,301,16,4,857,2,NULL
48,301,16,2,859,1,Goal
49,301,16,3,859,3,NULL
50,301,16,2,861,2,NULL
51,301,16,2,864,2,NULL
52,301,16,3,864,5,NULL
53,301,16,2,868,1,NULL
54,301,16,2,876,1,Goal
55,301,16,2,884,2,NULL
56,345,20,4,976,6,NULL
57,346,20,4,976,7,NULL
58,345,20,3,985,4,NULL
59,345,20,4,990,4,NULL
60,345,20,2,995,4,NULL
61,381,15,6,1005,1,NULL
62,264,7,2,1027,1,NULL
63,264,7,2,1033,1,NULL
64,264,7,2,1035,1,NULL
65,264,7,2,1039,2,NULL
66,264,7,2,1043,1,NULL
67,264,7,2,1050,1,NULL
70,190,10,4,1136,1,3 Saves
72,639,51,4,1274,1,2 total saves
73,639,51,3,1279,1,NULL
74,632,51,4,1281,1,10 total saves in the 1st half
75,639,51,4,1281,1,12 total saves in the 1st half
76,632,51,4,1291,1,9 total saves in the 2nd half
77,639,51,4,1291,1,8 total saves
94,243,4,4,173,2,NULL
95,243,4,4,184,2,NULL
98,604,51,4,1281,20,NULL
99,604,48,4,452,1,NULL
100,604,48,4,450,1,NULL
101,608,48,4,450,11,NULL
102,608,170,4,168,11,NULL
103,601,166,4,165,2,NULL
104,601,48,4,450,20,NULL
105,601,48,4,452,2,NULL
106,619,49,4,721,13,NULL
107,619,168,4,167,7,NULL
108,619,49,2,718,7,NULL
109,619,49,2,267,4,NULL
110,619,49,2,719,3,NULL
111,619,49,2,716,3,NULL
112,619,49,2,723,2,NULL
113,619,49,3,718,4,NULL
114,546,43,4,449,13,NULL
115,546,44,4,46,6,NULL
116,372,14,4,1052,2,NULL
117,372,23,4,1153,9,NULL
118,373,14,4,1051,6,NULL
119,373,92,4,93,10,NULL
120,244,4,4,173,5,NULL
121,244,10,4,1114,4,NULL
122,374,14,4,1051,3,NULL
123,374,14,4,1053,1,NULL
124,374,6,4,820,4,NULL
125,540,42,4,400,4,NULL
126,540,50,4,258,12,NULL
127,540,50,4,266,1,NULL
128,526,41,4,492,4,NULL
129,526,39,4,547,4,NULL
135,687,57,4,228,6,NULL
136,687,38,4,230,7,NULL
138,213,21,4,566,1,NULL
139,213,4,4,173,2,NULL
140,192,10,4,1114,4,NULL
141,513,39,2,818,6,NULL
142,513,39,4,547,7,NULL
143,513,39,3,818,4,NULL
144,513,59,4,351,4,NULL
145,513,59,2,211,8,NULL
146,482,48,4,450,13,NULL
147,482,37,4,1259,5,NULL
148,214,21,4,566,0,NULL
149,214,23,4,1138,12,NULL
150,267,7,4,1045,3,NULL
151,267,81,4,83,2,NULL
152,506,69,4,71,4,NULL
153,242,4,4,173,5,NULL
154,242,14,4,1051,4,NULL
156,607,48,4,450,4,NULL
157,607,48,4,452,3,NULL
158,607,72,4,74,3,NULL
159,193,10,4,1114,3,NULL
160,554,43,4,449,4,NULL
161,554,147,4,146,6,NULL
162,549,43,4,449,9,NULL
163,268,7,4,1045,4,NULL
164,375,14,4,1051,3,NULL
165,375,3,4,1338,9,NULL
166,194,10,4,1136,2,NULL
167,194,2,4,1377,7,NULL
168,499,38,4,230,5,NULL
169,499,46,4,798,7,NULL
170,545,131,6,131,1,NULL
171,545,131,7,131,1,NULL
172,545,43,4,449,4,NULL
173,269,7,4,1045,6,NULL
174,269,18,4,1190,2,NULL
175,658,54,2,321,1,NULL
177,603,48,4,452,1,NULL
178,603,48,4,450,5,NULL
179,603,49,4,721,10,NULL
180,658,43,4,449,1,NULL
181,352,20,4,976,13,NULL
182,352,3,4,1338,2,NULL
183,215,21,4,566,8,NULL
184,215,17,4,714,6,NULL
185,512,39,4,547,3,NULL
186,512,56,4,616,6,NULL
187,512,56,4,607,8,NULL
188,556,43,4,449,5,NULL
189,556,59,4,351,5,NULL
190,376,14,4,1051,3,NULL
191,376,11,4,734,8,NULL
192,246,4,4,173,7,NULL
193,429,22,4,1081,9,NULL
194,429,20,4,976,4,NULL
195,696,58,4,60,4,NULL
196,696,48,4,450,9,NULL
197,617,49,4,721,17,NULL
198,617,55,4,898,3,NULL
199,609,49,4,721,13,NULL
200,609,37,4,1272,3,NULL
201,602,48,4,450,4,NULL
202,602,48,4,452,5,NULL
203,602,136,4,136,9,NULL
204,551,43,4,449,12,NULL
205,551,47,4,344,10,NULL
206,377,20,4,976,11,NULL
207,716,40,6,625,1,NULL
208,196,10,4,1114,2,NULL
209,196,21,4,566,6,NULL
210,760,80,4,82,13,NULL
211,760,10,4,1136,2,NULL
212,247,4,4,173,1,NULL
213,247,24,4,207,3,NULL
214,206,17,4,713,0,NULL
215,270,7,4,1045,2,NULL
216,270,9,4,1241,4,NULL
217,570,45,4,1186,25,NULL
218,570,43,4,449,5,NULL
219,614,49,4,721,1,NULL
220,614,51,4,1281,21,NULL
221,430,22,4,1081,2,NULL
222,430,117,4,117,12,NULL
224,197,10,4,1136,3,NULL
225,197,4,4,173,9,NULL
226,759,48,4,450,7,NULL
227,759,140,4,139,7,NULL
228,217,21,4,566,1,NULL
229,217,2,4,1377,3,NULL
230,520,40,6,625,1,NULL
231,610,49,4,721,15,NULL
232,610,142,4,141,3,NULL
233,431,22,4,1081,3,NULL
234,431,19,4,271,4,NULL
235,218,21,4,566,8,NULL
236,218,7,4,1045,5,NULL
237,555,43,4,449,13,NULL
238,555,57,4,228,14,NULL
239,432,22,4,1081,6,NULL
240,432,22,4,1083,2,NULL
243,432,14,4,1051,2,NULL
244,353,20,4,976,9,NULL
245,353,11,4,734,3,NULL
246,439,13,4,925,3,NULL
247,439,118,4,118,10,NULL
248,271,8,4,1347,6,NULL
249,271,7,4,1045,4,NULL
250,516,133,6,133,1,NULL
251,605,48,4,450,2,NULL
252,440,13,4,925,10,NULL
253,440,22,4,1081,4,NULL
254,354,20,4,976,4,NULL
255,354,5,4,1292,0,NULL
256,219,21,4,566,4,NULL
257,219,24,4,207,1,NULL
258,612,49,4,721,15,NULL
259,612,48,4,450,2,NULL
260,412,13,4,925,10,NULL
261,191,10,4,1114,7,NULL
262,191,24,4,207,3,NULL
263,231,10,4,1136,3,NULL
264,231,2,4,1377,8,NULL
265,379,14,4,1051,9,NULL
266,379,91,4,92,1,NULL
267,272,7,4,1045,6,NULL
268,272,29,4,31,6,NULL
269,355,20,4,976,5,NULL
270,433,22,4,1081,9,NULL
271,433,22,4,1083,1,NULL
272,433,12,4,939,2,NULL
273,199,10,4,1114,3,NULL
274,199,79,4,81,11,NULL
275,611,49,4,721,15,NULL
276,454,22,4,1081,4,NULL
278,454,22,4,1083,3,NULL
279,454,111,4,112,4,NULL
280,770,10,4,1114,1,NULL
281,770,5,4,1292,0,NULL
282,771,10,4,1114,5,NULL
283,771,16,4,857,11,NULL
284,774,10,4,1114,6,NULL
285,774,24,4,207,6,NULL
286,775,10,4,1114,1,NULL
287,775,120,4,120,9,NULL
288,781,14,4,1051,4,NULL
289,781,12,4,939,17,NULL
290,786,14,4,1051,4,NULL
291,786,14,4,1053,1,NULL
292,786,36,4,38,11,NULL
293,787,14,4,1051,1,NULL
322,1245,9,2,1860,4,NULL
323,1245,9,2,1553,1,NULL
324,1245,9,2,1855,2,NULL
325,1245,9,2,2508,2,NULL
326,1245,9,2,1555,1,NULL
327,1245,9,6,1855,1,NULL
328,1245,9,5,1856,1,NULL
330,869,43,6,2328,1,NULL
331,869,135,6,2822,1,NULL
332,1115,17,4,1742,3,Saved all shots against him
333,835,59,4,1991,9,NULL
334,1146,16,3,1493,6,NULL
335,1146,16,4,1757,2,NULL
336,1146,18,3,1548,2,NULL
337,1146,18,4,2867,3,NULL
338,1146,18,2,1848,5,NULL
340,974,41,7,2211,1,60:00
342,974,41,6,2212,1,7:00
343,974,41,6,2930,1,"36:00, Adam Morris"
344,1208,2,6,2661,1,NULL
345,1208,15,6,1792,1,NULL
346,1439,14,4,1615,7,NULL
347,1439,14,6,2588,1,NULL
348,1168,4,4,1704,6,NULL
349,1168,77,4,2949,4,NULL
350,1168,77,6,1411,1,Game ended at halftime due to weather.  Game is official
352,870,43,4,2217,7,NULL
355,870,133,4,2952,8,NULL
358,1332,6,6,1659,1,NULL
359,1332,33,6,2992,1,NULL
360,1440,14,4,1615,2,NULL
361,915,39,2,2255,9,NULL
362,1440,14,4,3007,6,NULL
363,915,39,3,2255,7,NULL
364,915,39,4,2199,4,NULL
365,915,45,2,2139,5,NULL
366,915,45,3,2139,3,NULL
367,915,45,4,2409,6,NULL
368,1440,91,4,3011,3,NULL
369,1116,17,4,1742,3,NULL
370,1070,184,3,3012,5,NULL
371,1070,58,3,2158,2,NULL
372,938,164,4,3019,13,NULL
373,938,59,4,1991,4,NULL
374,1245,9,4,1856,1,NULL
375,1245,9,4,1856,1,NULL
376,1245,9,4,1856,1,NULL
377,1245,9,4,1856,1,NULL
378,1245,9,4,1856,1,NULL
379,1245,9,4,1856,1,NULL
380,1245,9,4,1856,1,NULL
381,1245,9,4,1856,1,NULL
382,1245,9,4,1856,1,NULL
383,1245,9,4,1856,1,NULL
384,1245,9,4,1856,1,NULL
385,1245,9,4,1856,1,NULL
386,1245,9,4,1856,1,NULL
387,1245,9,4,1856,1,PK
388,1245,9,4,1856,1,NULL
389,1274,9,4,1856,1,NULL
390,1274,9,4,1856,1,NULL
391,1274,9,4,1856,1,NULL
392,1274,9,4,1856,1,NULL
393,1274,9,4,1856,1,NULL
394,1274,9,4,1856,1,NULL
395,1274,9,4,1856,1,NULL
396,1248,9,4,1856,1,NULL
397,1248,9,2,2498,1,NULL
398,1248,9,6,2498,1,NULL
399,1248,9,2,1899,1,NULL
400,1248,9,2,1860,1,NULL
401,1248,9,2,2508,2,NULL
402,1248,9,2,1858,1,NULL
403,1248,9,2,2499,1,NULL
404,1248,9,2,1567,2,NULL
405,1248,9,2,2497,1,NULL
406,1248,9,5,2503,1,NULL
407,1248,9,5,1899,2,NULL
408,1248,9,5,2508,2,NULL
409,1248,9,5,1858,2,NULL
410,1248,9,5,2502,1,NULL
411,1169,4,4,1704,7,Played 60 minutes
412,1169,4,4,2785,0,Played 20 minutes
413,1169,4,6,1728,1,Late challenge in the middle of the field
414,1169,4,6,2779,1,Late challenge on a winger breaking down the sideline
415,1169,27,4,3027,6,NULL
416,1169,27,6,3029,1,Decent
417,851,38,4,2740,2,NULL
418,871,43,4,2217,4,NULL
419,871,43,6,2303,1,NULL
420,871,155,4,3031,3,NULL
421,1090,50,4,2285,5,NULL
422,1090,50,4,1978,4,NULL
424,1090,122,4,3035,7,NULL
425,1211,8,4,2668,5,
426,1061,137,6,3038,1,70:00
427,1061,137,6,3040,1,59:00
428,1061,37,6,2125,1,70:00
429,1363,12,7,2656,1,Handball
430,1135,11,4,1665,7,NULL
431,1135,21,4,1675,3,NULL
432,1176,87,4,3075,4,NULL
433,1176,87,4,3081,1,NULL
434,1176,2,4,1889,5,NULL
435,1045,48,4,2332,7,NULL
436,1117,17,4,1742,3,NULL
437,947,54,6,1965,1,73:00
438,850,38,4,2264,6,NULL
439,850,131,4,3122,5,NULL
440,962,39,4,2199,6,NULL
441,962,69,4,3116,6,NULL
442,1249,9,4,1856,1,NULL
443,1249,9,2,2503,1,NULL
444,1249,9,2,2503,1,NULL
445,1249,9,2,1858,1,NULL
446,1249,9,2,1855,1,NULL
447,1249,9,2,1553,1,NULL
448,1249,9,2,1553,1,NULL
449,1249,9,2,2508,1,NULL
450,1249,9,2,2508,1,NULL
451,1249,9,2,1860,1,NULL
452,917,59,4,1991,4,NULL
453,917,45,4,2129,9,NULL
454,1098,10,4,1841,7,NULL
455,1098,4,4,1704,4,NULL
456,1195,7,4,1807,2,NULL
457,1177,9,2,1858,1,NULL
458,1177,9,2,1899,1,NULL
459,1177,9,2,1555,2,NULL
460,1177,9,2,1855,1,NULL
461,1177,9,2,2508,5,NULL
462,1177,9,2,2498,4,NULL
463,1177,9,2,1860,1,NULL
464,1177,9,4,1856,1,NULL
465,1177,9,4,1856,1,NULL
466,1177,9,4,1856,1,NULL
467,1177,9,4,1856,1,NULL
468,1195,8,4,2668,2,NULL
469,1177,9,4,1856,1,NULL
470,1177,9,5,1555,1,NULL
471,1177,9,5,1860,2,NULL
472,1177,2,2,1894,1,NULL
474,1177,2,2,2593,2,NULL
475,1177,2,2,1561,1,NULL
476,1177,2,2,1562,2,NULL
477,1177,2,4,1889,7,NULL
478,1177,2,5,1894,1,NULL
479,1177,2,6,1895,1,NULL
480,1177,2,5,1562,2,NULL
481,1136,21,4,1675,3,NULL
482,1136,18,4,2867,3,NULL
483,838,38,4,2264,8,NULL
484,838,57,4,2274,5,NULL
485,1430,19,4,1467,2,NULL
486,1430,22,4,3104,2,NULL
487,1315,22,4,3104,10,NULL
488,1315,20,4,1631,4,NULL
489,1344,19,4,1467,3,NULL
490,1345,19,4,1467,2,NULL
491,1453,19,4,1467,7,NULL
492,1062,50,4,1978,2,NULL
493,1062,50,4,2285,1,NULL
494,1062,37,4,2122,6,NULL
495,1196,83,4,3134,4,NULL
496,1196,7,4,1807,2,NULL
497,1218,6,6,1655,1,NULL
499,963,39,4,2199,7,NULL
500,963,41,4,2908,7,NULL
501,1089,50,4,1978,3,NULL
502,1089,150,4,3138,14,NULL
503,856,132,4,3141,10,NULL
504,937,59,4,1991,3,NULL
505,937,143,4,3143,10,NULL
506,1004,51,4,2107,11,NULL
507,1004,42,4,2323,3,NULL
508,1441,92,4,3145,4,NULL
509,1441,14,6,1819,1,NULL
510,1441,14,6,1616,1,NULL
511,1441,14,4,1615,6,NULL
512,918,42,4,2323,11,NULL
513,918,45,4,2129,10,NULL
514,1072,58,3,2158,6,NULL
515,1072,58,3,2073,3,NULL
516,1072,58,4,2161,2,NULL
517,1260,32,6,1402,1,At 1st half 25:50 (Also card to coach)
518,1160,8,4,1880,4,NULL
519,1160,8,4,2668,2,NULL
520,1160,24,4,1629,8,NULL
521,1118,24,4,1629,7,NULL
522,1118,17,4,1742,7,NULL
523,1425,24,4,1629,6,NULL
524,1159,24,4,1629,4,NULL
525,1428,24,4,1629,1,NULL
526,940,68,4,3158,3,NULL
527,940,59,4,1991,5,NULL
528,1399,22,4,3104,8,NULL
530,1399,202,4,2937,2,NULL
531,1421,187,4,3170,2,NULL
532,1421,48,4,2332,12,NULL
533,1421,48,6,2469,1,NULL
534,1387,86,4,3173,1,NULL
535,1387,4,4,1704,9,NULL
536,1387,4,4,2785,2,NULL
537,1197,93,4,3178,3,NULL
538,835,57,4,2274,4,NULL
539,836,57,4,2274,0,NULL
540,839,57,4,2274,7,NULL
541,839,147,4,3148,8,NULL
542,837,57,4,2274,8,NULL
543,1073,58,4,2161,6,NULL
544,1073,50,4,1978,7,NULL
545,1250,75,2,3190,3,NULL
546,1250,75,2,3191,2,NULL
547,1250,75,2,3192,2,NULL
548,1250,75,2,3189,3,NULL
549,1250,75,2,3193,1,NULL
550,1250,75,5,3194,1,NULL
551,1250,75,5,3190,1,NULL
552,1250,75,6,3190,1,NULL
553,1250,75,5,3195,2,NULL
554,1250,75,5,3193,2,NULL
555,1250,75,5,3196,1,NULL
557,1250,75,4,3197,6,NULL
558,1250,9,2,1555,1,NULL
559,1250,9,2,1553,1,NULL
560,1250,9,2,2508,2,NULL
561,1250,9,2,2498,3,NULL
562,1250,9,2,2502,1,NULL
563,1250,9,2,2497,1,NULL
564,1250,9,4,1856,1,NULL
565,1250,9,4,1856,1,NULL
566,1250,9,4,1856,1,NULL
567,1250,9,4,1856,1,NULL
568,1250,9,4,1856,1,NULL
569,1250,9,4,1856,1,NULL
570,1250,9,4,1856,1,NULL
571,1250,9,4,1856,1,NULL
572,1250,9,4,1856,1,NULL
573,1250,9,5,1899,1,NULL
574,1250,9,5,1555,2,NULL
575,1250,9,5,1855,2,NULL
576,1250,9,5,2508,5,NULL
577,840,57,4,2274,4,NULL
578,840,40,4,3198,13,NULL
579,1138,4,4,1704,2,NULL
580,1138,21,4,1675,8,NULL
581,905,59,4,1991,4,NULL
582,905,47,4,2899,7,NULL
583,812,53,4,1984,1,NULL
584,919,45,6,3201,1,NULL
585,1400,14,4,1615,1,NULL
586,1400,14,4,3007,2,NULL
587,1400,14,4,3202,1,NULL
588,1099,10,4,2456,3,NULL
589,1099,95,4,3206,5,NULL
590,1347,19,4,1467,3,NULL
591,1347,19,6,1466,1,NULL
592,1033,48,4,2332,10,NULL
593,1049,50,4,1978,1,NULL
594,1049,50,4,2285,2,NULL
595,1049,48,4,2332,5,NULL
596,1049,48,4,2483,2,NULL
597,1065,37,6,2417,1,NULL
598,1065,37,6,3207,1,Coach
599,1422,39,4,2199,2,NULL
600,1422,51,4,2107,7,NULL
601,1422,51,4,2421,2,NULL
602,1007,42,4,2323,5,NULL
603,1007,54,4,2422,12,NULL
604,1301,20,4,2957,8,NULL
605,1301,5,4,1873,4,NULL
606,1348,19,6,1463,1,NULL
607,1348,19,4,1467,5,NULL
608,1348,13,4,1505,6,NULL
609,1121,4,4,1704,8,NULL
610,1121,17,4,1742,5,NULL
611,1262,6,6,1455,1,Yellow card to coach
612,1262,6,6,1455,1,"yellow card a player, didn't get number."
613,1232,9,2,1858,1,NULL
614,1232,9,2,1899,1,NULL
615,1232,9,2,1555,1,NULL
616,1232,9,2,1855,2,NULL
617,1232,9,2,2508,1,NULL
618,1232,9,2,2498,3,NULL
619,1232,9,2,1860,1,NULL
620,1232,9,4,1856,1,NULL
621,1232,9,4,1856,1,NULL
622,1232,9,4,1856,1,NULL
623,1232,9,4,1856,1,NULL
624,1232,9,4,1856,1,NULL
625,1232,9,4,1856,1,NULL
626,1232,9,5,1858,2,NULL
627,1232,9,5,1899,1,NULL
628,1232,9,5,1555,1,NULL
630,1232,9,5,2508,1,NULL
631,1232,9,5,1855,2,NULL
632,1232,9,5,2498,3,NULL
633,1232,9,5,1860,1,NULL
635,1232,9,5,2499,1,NULL
636,1232,11,2,1668,3,NULL
637,1232,11,2,1738,3,NULL
638,1232,11,2,1736,1,NULL
639,1232,11,2,1735,2,NULL
640,1232,11,2,1456,1,NULL
641,1232,11,5,1668,3,NULL
642,1232,11,5,2680,1,NULL
643,1232,11,5,1664,1,NULL
644,1232,11,5,1482,2,NULL
645,1232,11,5,1736,1,NULL
646,1232,11,5,1667,1,NULL
647,1232,11,4,1665,7,NULL
648,1180,7,4,1807,1,NULL
649,1180,2,4,1889,8,NULL
650,1139,24,4,1629,7,NULL
651,1074,58,3,2158,3,NULL
652,1074,58,3,2073,2,NULL
654,1319,20,4,2957,2,NULL
655,1200,7,4,1807,1,NULL
656,1200,23,4,1543,11,NULL
657,1170,4,4,1704,4,NULL
658,1170,4,4,2785,1,NULL
659,1170,4,6,1691,1,72'
660,1170,87,4,3075,6,NULL
661,1170,87,6,3077,1,67'
662,941,59,4,1991,4,NULL
663,941,39,4,2199,7,NULL
664,829,53,4,1984,0,NULL
665,829,53,4,2596,0,NULL
666,1161,24,4,1629,2,NULL
667,1456,48,4,2332,1,NULL
669,796,57,4,2274,8,NULL
670,841,57,4,2274,3,NULL
671,841,126,4,3231,4,NULL
674,853,38,4,2264,5,NULL
675,853,42,4,2323,8,NULL
676,1401,22,4,3104,3,NULL
678,1401,116,4,3233,1,NULL
679,1401,116,4,3232,3,NULL
680,1181,6,6,1654,1,NULL
681,1181,2,6,1894,1,NULL
682,920,48,4,2332,9,NULL
683,1122,17,4,1742,4,NULL
684,1100,17,4,1742,5,NULL
685,1100,10,4,1841,2,NULL
686,1123,17,4,1742,1,NULL
687,1123,21,4,1675,7,NULL
688,1091,143,4,3143,11,NULL
689,1091,50,4,1978,4,NULL
690,892,59,4,1991,3,NULL
691,892,44,4,2178,14,NULL
692,830,57,4,2274,13,NULL
693,1182,8,4,1880,4,NULL
694,1201,7,4,1807,2,NULL
695,1201,11,4,1665,4,NULL
696,1150,18,4,2867,1,NULL
697,1150,18,6,1548,1,NULL
698,1150,4,4,1704,2,NULL
699,1150,4,6,1691,1,NULL
700,854,38,4,2264,6,NULL
701,854,38,4,2740,0,NULL
702,854,40,4,3198,7,NULL
703,1351,19,4,1467,12,NULL
704,1371,22,4,3104,5,NULL
705,1051,48,4,2332,15,NULL
706,1051,58,4,2161,4,NULL
707,1009,42,4,2323,8,NULL
708,1009,41,4,2908,9,NULL
709,1230,23,6,1849,1,"79 Min "
710,831,53,4,1984,5,NULL
711,831,38,4,2739,5,NULL
712,1124,18,4,2867,9,NULL
713,1104,21,4,1675,6,NULL
714,1104,10,4,1841,5,NULL
715,1162,24,4,1629,2,NULL
716,1162,4,4,1704,10,NULL
717,1353,14,4,1615,2,NULL
718,1353,19,4,1467,3,NULL
719,1283,6,6,2817,1,NULL
720,966,39,4,2199,6,NULL
721,966,42,4,2323,5,NULL
722,1171,4,4,1704,9,NULL
723,1171,28,6,3257,1,Intention Handball
724,1171,28,4,2982,2,NULL
725,1233,20,4,2957,5,NULL
726,1442,14,4,1615,7,NULL
727,865,44,4,2178,5,NULL
728,865,40,4,3198,10,NULL
729,842,57,4,2274,3,NULL
730,842,61,4,3265,7,NULL
731,814,57,4,2274,3,NULL
732,1011,69,4,3116,7,NULL
733,1011,42,4,2323,4,NULL
734,855,59,4,1991,6,NULL
735,855,38,4,2264,13,NULL
736,1184,2,4,1889,3,NULL
737,1184,23,4,1543,11,11
738,1184,23,4,1537,3,NULL
739,1403,22,4,3104,9,NULL
740,1403,97,4,2977,4,NULL
741,1012,42,4,2323,2,NULL
742,1012,51,4,2107,5,NULL
743,1012,51,4,2421,5,NULL
744,1354,19,4,1467,4,NULL
745,1354,22,4,3104,4,NULL
746,1374,9,2,2503,1,NULL
747,1374,9,2,1555,1,NULL
748,1374,9,2,1855,4,Mostly directs
749,1374,9,2,2508,2,NULL
750,1374,9,2,2498,1,NULL
751,1374,9,5,1553,1,NULL
752,1374,9,5,2508,4,NULL
753,1374,9,5,2498,2,NULL
754,1374,9,5,1860,1,NULL
755,1374,9,5,1899,1,NULL
756,1374,9,4,1856,1,NULL
757,1374,9,4,1856,1,NULL
758,1374,9,4,1856,1,NULL
759,1374,9,4,1856,1,NULL
760,1374,12,2,2652,1,NULL
761,1374,12,2,1639,2,NULL
762,1374,12,2,1646,2,NULL
763,1374,12,5,2655,3,NULL
764,1374,12,5,1639,5,NULL
765,1374,12,5,1767,1,NULL
766,1374,12,5,1765,1,NULL
767,1374,12,5,2657,1,NULL
768,1374,12,5,1644,1,NULL
769,1374,12,4,3273,8,NULL
770,1322,20,4,1631,1,NULL
771,1322,20,4,2957,1,NULL
772,1266,20,4,1631,6,NULL
773,1266,20,4,2957,2,NULL
774,1266,23,4,1537,7,NULL
775,843,57,4,2274,8,NULL
776,843,38,4,2264,5,NULL
777,923,45,4,2129,8,NULL
778,923,45,4,3274,3,NULL
779,923,59,4,1991,5,NULL
780,1013,42,4,2323,3,NULL
781,1013,56,4,2190,11,NULL
782,1125,17,4,1742,6,NULL
783,1125,24,4,1629,4,NULL
784,1106,4,4,1704,6,NULL
785,1106,4,6,1728,1,"61 minute "
786,1106,10,4,1841,1,NULL
787,1106,10,6,2988,1,50 minute
788,1106,10,6,1823,1,67 minute
789,968,39,4,2199,4,NULL
790,968,54,4,2422,9,NULL
791,1076,50,4,1978,9,NULL
792,1076,58,4,2161,7,NULL
793,1404,14,4,1615,2,NULL
794,1404,22,4,3104,7,NULL
795,1324,20,4,2957,13,NULL
796,1324,6,4,1744,2,NULL
797,1267,3,6,3278,1,NULL
798,1434,15,7,1794,1,NULL
799,817,53,4,1984,0,NULL
800,895,45,4,2129,8,NULL
801,895,44,4,2178,3,NULL
803,1205,7,4,1807,4,NULL
804,1205,16,4,1757,6,NULL
805,1152,24,4,1629,2,NULL
806,881,52,7,2030,1,NULL
807,881,52,6,2363,1,NULL
808,1463,9,2,1555,1,NULL
810,1463,9,2,1553,2,NULL
811,1463,9,2,1855,1,NULL
812,1463,9,2,2508,1,NULL
813,1463,9,2,2498,1,NULL
814,1463,9,4,1856,1,NULL
815,1463,9,4,1856,1,NULL
816,1463,9,4,1856,1,NULL
817,1463,9,4,1856,1,NULL
818,1463,9,4,1856,1,NULL
819,1463,9,4,1856,1,NULL
820,1463,9,4,1856,1,NULL
821,1463,9,4,1856,1,NULL
822,1463,9,5,2503,3,NULL
823,1463,9,5,2508,1,NULL
824,1463,9,5,2498,1,NULL
825,1463,9,5,1860,1,NULL
826,1463,8,2,1879,3,NULL
827,1463,8,2,1883,3,NULL
828,1463,8,2,1875,4,NULL
829,1463,8,2,3213,1,NULL
830,1463,8,2,1881,2,NULL
831,1463,8,2,2672,2,NULL
832,1463,8,4,1880,2,NULL
833,1463,8,5,1879,1,NULL
834,1463,8,5,1883,3,NULL
835,1463,8,5,1877,1,NULL
836,1463,8,5,1875,4,NULL
837,1463,8,5,3213,1,NULL
838,1349,19,4,1467,4,NULL
839,1349,200,4,3284,5,NULL
840,1068,50,6,2285,1,67'
841,1068,50,6,2283,1,78'
842,1014,42,4,2323,6,NULL
843,1014,124,4,3286,4,NULL
844,1014,124,4,1914,6,NULL
845,1319,13,4,1505,9,NULL
847,1077,58,4,2161,12,NULL
848,1077,72,4,3236,3,NULL
849,1405,36,4,3289,4,NULL
850,1405,22,4,3104,6,NULL
851,1391,14,4,1615,3,NULL
852,1391,14,4,3007,3,NULL
853,1391,1,4,2936,4,NULL
854,823,53,4,1984,2,NULL
855,823,146,4,3293,6,NULL
856,896,44,4,2178,5,NULL
857,896,129,4,3298,6,NULL
858,1187,7,4,1807,1,NULL
859,1187,2,4,1889,4,NULL
860,801,57,4,2274,7,NULL
861,801,60,4,2888,12,NULL
862,897,44,4,2178,4,NULL
863,897,52,4,2030,10,NULL
864,818,38,4,2264,5,NULL
865,832,53,4,1984,0,NULL
866,818,46,4,2398,14,NULL
867,1127,17,4,1742,5,NULL
868,1127,4,4,1704,12,NULL
869,1142,24,4,1629,3,NULL
870,1142,21,4,1675,5,NULL
871,1375,14,4,1615,5,NULL
872,1375,12,4,3273,6,NULL
873,1433,58,3,2158,2,NULL
874,1433,58,4,2161,5,NULL
875,1433,37,4,2122,10,NULL
876,969,39,4,2199,1,NULL
877,969,51,4,2107,5,NULL
878,1339,6,6,1490,1,NULL
879,898,44,4,2178,3,NULL
880,898,59,4,1991,7,NULL
881,1427,53,4,1984,3,NULL
882,1427,57,4,2274,6,NULL
883,1109,24,4,1629,3,NULL
884,1109,10,4,1841,4,NULL
885,1128,21,4,1675,11,NULL
886,1128,17,4,1742,3,NULL
887,1419,14,4,1615,2,NULL
888,1419,14,4,3007,1,NULL
889,1419,13,4,1505,8,NULL
890,924,52,6,2357,1,NULL
891,924,45,6,2130,1,NULL
892,970,39,4,2199,1,NULL
893,970,56,4,2190,5,NULL
894,1092,50,4,1978,1,NULL
895,1092,170,4,3315,7,NULL
896,1092,170,4,3316,1,NULL
897,1247,23,6,1604,1,NULL
898,1357,19,6,1687,1,NULL
899,1357,19,4,1467,3,NULL
900,1357,1,4,2936,14,NULL
901,1287,20,4,2957,5,NULL
902,1287,3,4,2823,1,NULL
903,992,51,4,2107,19,NULL
904,1021,51,4,2107,12,NULL
905,899,44,4,2178,12,NULL
906,899,57,4,2274,3,NULL
907,1143,21,4,1675,7,NULL
908,1143,8,4,1880,5,NULL
909,912,39,4,2199,2,NULL
910,912,47,4,2904,6,NULL
911,1426,176,4,3319,8,NULL
912,1426,53,2,1984,5,NULL
913,882,59,4,1991,6,NULL
914,882,43,4,2217,7,NULL
915,1048,48,4,2332,10,NULL
916,1270,23,6,1843,1,NULL
917,1270,90,6,1423,1,NULL
918,939,56,4,2190,7,NULL
919,988,56,4,2190,4,NULL
920,991,56,4,2190,4,NULL
921,1006,56,4,2190,8,NULL
922,965,56,4,2190,10,NULL
924,993,56,4,2190,6,NULL
925,994,56,4,2190,8,NULL
926,996,56,4,2190,5,NULL
927,983,56,4,2190,6,NULL
928,997,56,4,2190,6,NULL
929,998,51,4,2107,20,NULL
930,998,56,4,2190,3,NULL
931,998,56,4,2191,2,NULL
932,971,42,4,2323,6,NULL
933,971,39,4,2199,6,NULL
934,977,56,4,2190,6,NULL
935,992,56,4,2190,2,NULL
936,1406,13,4,1505,3,NULL
937,1406,22,4,3104,5,NULL
938,925,45,6,3201,1,NULL
939,942,59,4,1991,3,NULL
940,942,58,4,2161,7,NULL
941,1358,19,4,1467,9,NULL
942,1358,14,4,1615,5,NULL
943,884,43,6,2303,1,NULL
944,820,57,4,2274,5,NULL
945,820,46,4,2398,7,NULL
946,1129,17,4,1742,5,NULL
947,1129,17,4,2857,1,NULL
948,1467,38,4,2264,9,NULL
949,1129,18,4,3307,14,NULL
950,1467,53,4,1984,5,NULL
951,1207,7,4,1807,3,NULL
952,1207,9,4,1856,4,NULL
953,1164,4,4,2785,2,NULL
954,934,59,4,1991,5,NULL
955,934,52,4,2030,15,NULL
956,1443,14,4,1615,10,NULL
957,1438,50,4,1978,2,NULL
958,1059,48,4,2332,9,NULL
959,1059,136,4,3341,8,NULL
960,1341,6,4,1744,2,NULL
961,1341,22,4,3104,18,NULL
962,972,39,4,2199,4,NULL
963,972,44,4,2178,5,NULL
964,1359,31,4,3360,1,NULL
966,1359,19,4,1467,10,NULL
967,858,43,4,3366,6,NULL
968,858,43,4,2217,2,NULL
969,858,38,4,2264,5,NULL
971,1473,7,4,1807,6,NULL
972,1475,53,4,1984,1,NULL
973,1475,53,4,2244,1,NULL
974,1475,58,4,2161,12,NULL
975,1476,42,4,2323,6,NULL
976,1476,43,4,2217,5,NULL
978,1397,22,4,3104,7,NULL
979,1397,92,4,3145,1,NULL
980,1431,22,4,3104,4,NULL
981,1431,1,4,2936,3,NULL
982,1480,53,4,1984,2,NULL
983,1480,42,4,2323,15,NULL
984,1482,12,6,1765,1,NULL
985,961,50,4,1978,2,NULL
986,961,54,4,2422,3,NULL
987,961,54,4,2422,3,NULL
988,1484,53,4,1984,4,NULL
989,1484,60,4,2888,7,NULL
990,1486,39,4,2199,4,NULL
991,1486,59,4,1991,1,NULL
992,1485,120,4,1452,3,Susquehannock goalkeeper:  #99. Cooper Sistrunk
993,1485,7,4,1807,1,NULL
994,1487,53,4,1984,1,NULL
995,1487,46,4,2398,8,NULL
996,1492,44,4,2178,4,NULL
997,1492,38,3,2264,6,NULL
998,1494,77,4,2949,7,NULL
999,1494,7,4,1807,0,NULL
1000,1495,152,4,3388,3,NULL
1001,1495,39,4,2199,4,NULL
1002,1497,53,4,1984,4,NULL
1003,1497,135,4,1925,10,NULL
1004,1500,14,4,1615,6,NULL
1005,1500,120,4,3393,3,NULL
1006,1496,64,4,3147,3,NULL
1007,1496,44,4,2178,6,NULL
1008,833,57,4,2274,2,NULL
1009,1498,42,4,2323,4,NULL
1010,1498,124,4,3286,10,NULL
1011,1503,53,4,1984,4,NULL
1012,1503,57,4,2274,8,NULL
1013,1505,64,4,3147,9,NULL
1014,1505,53,4,1984,9,NULL
1015,1510,217,4,3405,12,NULL
1016,1510,53,4,1984,1,NULL
1017,1502,24,4,1629,4,NULL
1018,1149,24,4,1629,3,NULL
1019,1103,24,2,1629,11,NULL
1020,1163,24,4,1629,2,NULL
1021,1164,24,4,1629,1,NULL
1022,1464,24,4,1629,1,NULL
1023,1491,24,4,1629,4,NULL
1024,1511,24,4,1629,7,NULL
1025,1512,24,4,1629,6,NULL
1026,1613,7,4,3553,2,NULL
1027,1613,80,4,4725,4,NULL
1028,1590,4,4,4735,6,NULL
1029,1590,14,4,3672,4,NULL
1030,1560,21,4,4711,6,NULL
1031,1802,59,4,4340,2,NULL
1032,1802,57,4,4315,5,NULL
1033,2024,2,4,4704,2,Played 45 minutes
1034,2024,2,4,4818,1,Played 35 minutes
1035,2030,131,4,4429,10,NULL
1036,2030,38,4,3925,6,NULL
1037,1513,46,4,4960,3,NULL
1038,1513,46,4,4961,4,NULL
1039,1547,17,4,4584,2,NULL
1040,1999,58,3,4320,5,NULL
1041,1999,184,3,4977,1,NULL
1042,1999,58,4,4323,10,NULL
1043,1999,184,4,4976,3,NULL
1044,1591,77,4,4986,4,NULL
1045,1591,4,4,4735,2,NULL
1046,1896,59,4,4340,4,NULL
1047,1879,39,4,3926,3,NULL
1048,1649,9,4,3601,1,NULL
1049,1649,23,4,3830,5,NULL
1050,1897,59,4,4340,7,NULL
1051,1897,164,4,5024,3,NULL
1052,1739,94,6,5035,1,NULL
1053,1976,166,4,5048,3,NULL
1054,1976,48,4,4140,7,NULL
1055,1990,37,4,3879,14,NULL
1056,1990,137,4,5066,4,NULL
1057,2000,58,3,4320,6,NULL
1058,2000,58,4,4323,7,NULL
1059,2000,148,3,5070,1,NULL
1061,2000,58,6,4332,1,NULL
1062,2000,148,4,5068,5,NULL
1063,1817,167,4,5080,7,NULL
1064,1817,38,4,3925,1,NULL
1065,1614,7,4,3553,10,NULL
1067,1614,87,4,5081,11,NULL
1068,1752,12,4,4776,4,NULL
1070,1789,53,4,4236,3,NULL
1071,1561,21,6,3800,1,Break Away Tackle (Bad Tackle)
1072,1548,17,4,4584,6,NULL
1073,1898,59,4,4340,3,NULL
1074,1898,56,4,4297,5,NULL
1075,1829,39,4,3926,4,NULL
1076,1829,60,4,4368,12,NULL
1077,1592,27,4,5099,4,NULL
1078,1592,4,4,3489,2,NULL
1079,1726,1,4,4815,3,NULL
1080,1725,14,4,3672,14,NULL
1081,1725,91,4,5100,3,NULL
1082,2038,146,4,4956,6,NULL
1083,2038,53,4,4236,4,NULL
1084,2031,48,4,4140,7,NULL
1085,2031,220,4,4747,8,NULL
1086,1940,56,4,4298,5,NULL
1087,1939,56,4,4297,4,NULL
1088,2040,90,6,5142,1,NULL
1089,2040,90,6,5142,1,NULL
1090,1766,203,6,5147,1,Persistent infringement
1091,1766,203,6,5147,1,Hard foul from behind
1092,1766,203,7,5147,1,Unsportsmanlike - kicking the ball away after found call.  Double Yellow -> Red Card
1093,1753,12,4,4776,2,NULL
1094,1753,12,4,4779,1,NULL
1095,1941,58,4,4323,8,NULL
1096,1941,58,3,4320,4,NULL
1097,1941,56,3,4285,2,NULL
1098,1941,56,4,4297,5,NULL
1099,1919,69,4,4402,12,NULL
1100,1919,39,4,3926,2,NULL
1101,1532,4,4,4735,3,NULL
1102,1549,17,4,4584,2,NULL
1103,1549,24,4,3856,2,NULL
1104,1532,10,4,5124,3,NULL
1105,2037,58,3,4320,7,NULL
1106,2037,58,3,4326,3,NULL
1107,2037,58,4,4323,3,NULL
1108,2037,55,4,4269,14,NULL
1109,1881,45,4,4083,4,NULL
1110,1881,59,4,4340,4,NULL
1111,1804,57,4,4315,2,NULL
1112,1804,47,4,4636,16,NULL
1113,1805,57,4,4315,7,NULL
1114,1805,38,4,3925,5,NULL
1115,1818,132,4,4432,7,NULL
1116,1818,132,4,5171,5,NULL
1117,1818,38,4,3913,0,NULL
1118,1792,53,4,4236,4,NULL
1119,2034,42,4,4017,4,NULL
1120,2034,45,4,4083,8,NULL
1121,2001,58,3,4320,6,NULL
1122,2001,58,4,4323,2,NULL
1123,2001,192,4,4523,13,NULL
1124,1617,7,4,3553,7,NULL
1125,1617,93,4,5192,8,NULL
1126,1755,199,4,5202,9,NULL
1127,1899,59,4,4340,5,NULL
1128,1899,68,4,5203,12,NULL
1129,1755,12,4,4776,3,NULL
1130,1755,12,4,4779,2,NULL
1131,1550,17,4,4584,3,NULL
1132,1550,193,4,5207,4,NULL
1133,1979,48,4,4140,7,NULL
1135,1979,187,4,5181,4,NULL
1136,1593,4,4,4735,4,NULL
1137,1958,51,4,5110,5,NULL
1138,1959,51,4,5110,4,NULL
1139,1959,51,4,4183,2,NULL
1140,1956,51,4,5110,8,NULL
1142,1957,51,4,5110,5,NULL
1143,2002,50,4,4172,7,NULL
1144,2002,58,4,4323,2,NULL
1145,1768,1,6,4804,1,Language
1146,1768,1,7,4815,1,Take down of player outside the box.
1147,1905,39,4,3926,1,NULL
1148,1905,54,4,4905,9,NULL
1149,1942,42,4,4017,8,NULL
1150,1942,56,4,4297,6,NULL
1151,1742,12,4,4776,2,NULL
1152,1742,12,4,4779,1,NULL
1153,1742,19,4,3762,4,NULL
1154,1678,23,6,5228,1,NULL
1155,1678,23,6,4938,1,NULL
1156,1518,53,4,4236,4,NULL
1157,1518,46,4,4961,1,NULL
1158,1518,46,4,4960,1,NULL
1159,2041,7,4,3553,1,NULL
1161,2041,16,4,3705,5,NULL
1162,1565,21,4,4711,3,NULL
1163,1565,4,4,4735,6,NULL
1164,1819,38,4,3925,9,NULL
1165,1819,60,4,4368,10,NULL
1166,1870,47,4,4636,6,NULL
1167,1870,59,4,4340,2,NULL
1168,1937,51,4,5110,15,NULL
1169,1937,39,4,3926,4,NULL
1170,1980,48,4,4140,9,NULL
1171,1980,50,4,5233,12,NULL
1172,1929,56,4,4297,4,NULL
1173,1929,41,4,3997,9,NULL
1174,2026,58,3,4320,10,NULL
1175,2026,58,4,4323,3,NULL
1176,2026,37,3,3876,1,NULL
1177,1871,45,4,4083,8,NULL
1178,1601,7,4,3553,4,NULL
1179,1601,2,4,4704,4,NULL
1180,1551,17,4,4584,3,NULL
1181,1551,4,4,3488,5,NULL
1182,1857,44,4,4072,5,NULL
1183,1847,59,4,4340,7,NULL
1184,1847,43,4,5104,5,NULL
1185,1519,38,4,3925,7,NULL
1186,1857,52,4,4216,9,NULL
1187,1519,46,4,4960,1,NULL
1188,1519,46,4,4961,2,NULL
1189,1754,12,4,4776,1,NULL
1190,1754,13,4,3669,8,NULL
1191,1808,57,4,4315,5,NULL
1192,1991,37,4,3888,5,NULL
1193,1991,50,4,5233,7,NULL
1194,1993,37,4,3888,12,NULL
1195,1993,49,4,4164,12,NULL
1197,2026,37,4,3888,8,NULL
1199,1992,184,4,4520,9,NULL
1200,1992,37,4,3879,8,NULL
1201,1903,37,4,3879,3,NULL
1202,1903,37,4,3887,4,NULL
1203,1903,54,4,4905,10,NULL
1204,1989,37,4,3879,6,NULL
1205,1989,37,4,3888,5,NULL
1207,1619,7,4,3553,2,NULL
1208,2003,58,4,4323,2,NULL
1209,2003,58,3,4320,4,NULL
1210,1900,39,2,3926,5,NULL
1211,1900,59,4,4340,12,NULL
1212,1994,140,4,5250,8,NULL
1213,1994,37,4,3888,10,NULL
1214,1756,12,4,4776,4,NULL
1215,1883,45,4,4083,10,NULL
1216,1820,42,4,4017,9,NULL
1217,1820,38,4,3925,4,NULL
1218,1594,87,4,5258,2,NULL
1219,1594,4,4,3488,2,NULL
1220,1943,56,4,4297,1,NULL
1221,1943,154,4,5259,21,NULL
1222,1552,21,4,4711,4,NULL
1223,1552,17,4,4584,2,NULL
1224,1794,53,4,4231,4,NULL
1225,1794,57,4,4315,10,NULL
1226,1859,44,4,4072,5,NULL
1227,1859,59,4,4340,9,NULL
1228,2020,50,4,4172,4,NULL
1229,1921,39,4,3926,2,NULL
1230,1921,56,4,4297,16,NULL
1231,1968,37,4,3888,8,NULL
1232,1968,55,4,4269,8,NULL
1233,1981,58,4,4323,5,NULL
1234,1981,48,4,4140,12,NULL
1236,1757,12,4,4776,2,NULL
1237,1757,22,4,3802,6,NULL
1238,1931,41,4,3997,7,NULL
1239,1931,42,4,4017,11,NULL
1240,1553,17,4,4584,6,NULL
1241,1553,17,4,4583,1,NULL
1242,1553,18,4,3736,7,NULL
1243,1892,59,4,4340,8,NULL
1244,1892,52,4,4216,8,NULL
1245,1618,7,4,3553,4,NULL
1246,1618,9,4,3601,7,NULL
1247,1795,38,4,3913,12,NULL
1248,1586,24,4,3856,2,NULL
1249,1586,4,4,3488,2,NULL
1250,1850,45,4,4083,6,NULL
1251,1850,43,4,5262,8,NULL
1252,1922,42,4,4017,14,NULL
1253,1758,1,6,4800,1,NULL
1254,1922,39,4,5288,4,NULL
1255,1731,19,6,3773,1,NULL
1256,1944,56,4,4298,5,NULL
1257,1944,56,4,5085,4,NULL
1258,1944,56,4,4297,0,NULL
1259,1944,51,4,5289,6,NULL
1260,1944,51,4,5110,10,NULL
1261,1567,21,4,4711,3,NULL
1262,1732,14,4,3672,2,NULL
1263,1732,34,4,5297,8,NULL
1264,1953,42,4,4017,1,NULL
1265,1953,51,4,5110,12,NULL
1266,1923,39,4,3926,4,NULL
1267,1923,41,4,3997,6,NULL
1268,1911,56,4,4297,2,NULL
1269,1911,54,4,4905,3,NULL
1270,1911,54,4,5285,3,NULL
1271,1654,12,4,4779,3,NULL
1272,1654,9,4,3601,6,NULL
1273,1911,56,6,4294,1,NULL
1274,1682,23,6,3835,1,NULL
1275,1561,23,4,3830,2,NULL
1276,1678,23,4,3830,8,NULL
1277,1679,23,4,3830,10,NULL
1278,1680,23,4,3830,12,NULL
1279,1619,23,4,3843,9,NULL
1280,1668,23,4,3830,5,NULL
1281,1681,23,4,3830,9,NULL
1282,1796,53,4,4231,6,NULL
1283,1796,60,4,4368,6,NULL
1284,1886,59,4,4340,4,NULL
1285,1886,45,4,4083,4,NULL
1286,1811,38,4,3913,2,NULL
1287,1851,44,4,4072,7,NULL
1288,1851,43,4,5104,9,NULL
1289,1811,57,4,4315,3,NULL
1290,1622,7,4,3553,3,NULL
1291,1622,8,4,5002,5,NULL
1292,1568,21,4,4711,7,NULL
1293,1568,18,4,3736,6,NULL
1294,1996,37,4,3888,2,NULL
1295,1996,37,4,3879,3,NULL
1296,1996,49,4,4164,8,NULL
1297,1772,1,6,4802,1,Flagrant foul
1298,1912,54,4,4905,9,NULL
1299,1912,39,4,5288,2,NULL
1300,1971,48,4,4140,1,NULL
1301,1971,55,4,4269,19,NULL
1302,2005,58,4,4323,9,NULL
1303,1747,19,6,3767,1,NULL
1304,1945,56,4,4297,7,NULL
1305,1945,42,4,4017,14,NULL
1306,1715,6,7,3539,1,NULL
1307,2006,58,4,4323,9,NULL
1308,1861,45,4,4083,10,NULL
1309,1861,44,4,4072,5,NULL
1310,2025,21,4,4711,4,NULL
1311,2025,4,4,3488,3,NULL
1312,1541,17,4,4584,3,NULL
1313,1541,10,4,3609,2,NULL
1314,1875,59,4,4340,3,NULL
1315,1875,47,4,4636,8,NULL
1317,1524,53,4,4231,5,NULL
1318,1962,51,4,5110,15,NULL
1319,1962,48,4,4140,1,NULL
1320,1962,48,4,4156,0,NULL
1321,1616,7,4,3553,3,NULL
1322,1616,83,4,5310,9,NULL
1323,1822,38,4,3925,0,NULL
1324,1822,38,4,3913,2,NULL
1325,1822,59,4,5313,4,NULL
1326,1995,50,4,4172,3,NULL
1327,1995,37,4,3888,9,NULL
1328,1894,52,4,4216,5,NULL
1329,1894,56,4,4297,6,NULL
1330,1904,56,4,4297,5,NULL
1331,1904,54,4,4905,13,NULL
1332,1797,53,4,4231,8,NULL
1333,1797,64,4,5318,1,NULL
1334,1555,17,4,4584,5,NULL
1335,1556,17,4,4584,2,NULL
1336,1556,4,4,3488,4,NULL
1337,1853,43,4,5104,2,NULL
1338,1853,59,4,4340,6,NULL
1339,1798,53,4,4231,2,NULL
1340,1798,40,4,3959,10,NULL
1341,1569,21,4,4711,6,NULL
1342,1569,24,4,3856,3,NULL
1343,1608,7,4,3553,4,NULL
1344,1608,2,4,4704,5,NULL
1345,1997,37,4,3888,9,NULL
1346,1997,58,4,4323,5,NULL
1347,1938,51,4,5110,16,NULL
1348,1938,39,4,5288,2,NULL
1349,1913,42,4,4017,3,NULL
1350,1913,54,4,4905,8,NULL
1351,1735,12,4,4776,3,NULL
1352,1735,14,4,3672,9,NULL
1353,1984,50,4,4172,5,NULL
1354,1984,48,4,4140,5,NULL
1355,1624,7,4,3553,4,NULL
1356,1624,11,4,3619,3,NULL
1357,1580,18,4,3730,1,NULL
1358,1580,4,4,3489,2,NULL
1359,1580,4,4,3493,1,NULL
1360,1558,17,4,4584,0,NULL
1361,1558,21,4,4711,4,NULL
1362,1824,38,4,3925,1,NULL
1363,1824,38,4,3913,2,NULL
1364,1824,40,4,3959,6,NULL
1366,1864,59,4,4340,6,NULL
1367,1864,44,4,4072,4,NULL
1368,1985,48,4,4140,5,NULL
1369,1985,58,4,4323,9,NULL
1370,1936,42,4,4017,5,NULL
1371,1936,41,4,3997,9,NULL
1372,1924,39,4,3926,3,NULL
1373,1924,56,4,4297,7,NULL
1374,1684,6,6,3530,1,NULL
1375,1684,23,4,4930,11,NULL
1376,1673,23,6,5228,1,NULL
1377,1800,53,4,4231,0,NULL
1378,1800,53,4,5339,0,NULL
1379,1878,47,4,4636,11,NULL
1380,1878,39,4,3926,5,NULL
1381,1986,122,4,4414,7,NULL
1382,1986,48,4,4140,10,NULL
1383,1955,127,4,5143,6,NULL
1384,1975,55,4,4269,7,NULL
1385,1975,50,4,5233,3,NULL
1386,2007,58,4,4323,2,NULL
1387,2007,49,4,4164,14,NULL
1388,1925,39,4,5288,2,NULL
1389,1925,42,4,4017,6,NULL
1390,1987,37,4,3879,3,NULL
1391,1987,37,4,3888,6,NULL
1392,1987,48,4,4140,2,NULL
1393,1696,6,6,3543,1,NULL
1394,1722,6,6,3535,1,NULL
1395,1722,32,6,5350,1,NULL
1396,1686,23,6,3836,1,NULL
1397,1686,23,4,3830,1,NULL
1398,1801,53,4,4231,1,NULL
1399,1801,38,4,3892,7,NULL
1400,1544,21,4,4711,5,NULL
1401,1544,10,4,3609,5,NULL
1402,1865,44,4,4072,5,NULL
1403,1865,47,4,4636,7,NULL
1404,1866,44,4,4072,12,NULL
1405,1866,39,4,3926,5,NULL
1406,1988,48,4,4140,3,NULL
1407,1988,136,4,4439,15,NULL
1408,1763,12,4,4779,3,NULL
1409,2008,58,4,4323,2,NULL
1410,2008,127,4,4423,14,NULL
1411,1947,51,5,4187,1,NULL
1412,1951,42,4,4017,2,NULL
1413,1951,51,4,5110,13,NULL
1414,1559,17,4,4584,8,NULL
1415,1745,19,6,3773,1,NULL
1416,1825,38,4,3925,4,NULL
1417,1825,43,4,5104,4,NULL
1418,1712,20,6,3784,1,NULL
1419,2045,57,6,4302,1,NULL
1420,2053,44,4,4072,4,NULL
1421,2053,48,4,4140,12,NULL
1422,2054,39,4,5288,12,NULL
1423,2054,46,4,4961,10,NULL
1424,2056,53,4,4231,1,NULL
1425,2056,42,4,4017,14,NULL
1426,1687,23,6,3840,1,NULL
1427,1687,23,4,3830,4,NULL
1428,1687,23,4,4930,1,NULL
1429,1685,23,4,3830,2,NULL
1430,1685,23,4,4930,4,NULL
1432,1677,23,4,3830,10,NULL
1433,1673,23,4,3830,4,NULL
1434,1643,23,4,4930,5,NULL
1435,1683,23,4,3830,4,NULL
1436,1683,23,4,4930,3,NULL
1437,1682,23,4,3830,8,NULL
1438,2057,58,4,4323,9,NULL
1439,2057,53,4,4231,1,NULL
1440,2057,53,4,5339,1,NULL
1441,2058,7,4,3553,4,NULL
1442,2058,17,4,4584,6,NULL
1443,1826,38,4,3925,3,NULL
1444,1826,155,4,5388,10,NULL
1445,2062,53,4,4231,6,NULL
1446,2062,46,4,4961,7,NULL
1447,2064,39,4,3926,3,NULL
1448,2064,126,4,5393,11,NULL
1449,2066,7,4,3553,3,NULL
1450,2066,78,4,5395,3,NULL
1451,2068,53,4,4231,2,NULL
1452,2068,129,4,5399,11,NULL
1453,2071,14,4,3672,4,NULL
1454,2071,174,4,5405,7,NULL
1456,2072,220,4,5409,0,NULL
1457,2072,220,4,4747,4,NULL
1458,2072,48,4,4140,7,NULL
1459,2073,39,4,5288,3,NULL
1460,2073,146,4,5413,6,NULL
1461,2075,140,4,5250,7,NULL
1464,2075,42,4,4017,10,Hamburg wins in PKs 4-3
1465,2077,53,4,4231,1,NULL
1466,2077,161,4,5418,8,NULL
1467,2080,141,4,4458,8,NULL
1468,2080,39,4,5288,7,NULL
1469,2081,53,4,4231,1,NULL
1470,2081,46,4,4961,8,NULL
1471,2082,152,4,4483,4,NULL
1472,2082,39,4,5288,8,NULL
1473,2083,64,4,5318,8,NULL
1474,2083,53,4,4231,9,NULL
1475,2084,219,4,5423,3,NULL
1476,2084,53,4,4231,6,NULL
1477,2065,24,4,3856,5,NULL
1478,2085,24,2,3851,2,NULL
1479,2088,37,2,4850,1,NULL
1480,2091,37,2,4852,2,NULL
3481,3735,149,3,9277,1,NULL
3492,2148,685,4,9374,16,NULL
3493,2148,600,4,9237,4,NULL
3494,3720,59,4,7223,7,NULL
3495,3720,47,4,7476,5,NULL
3496,3443,23,3,6720,2,NULL
3497,3443,20,3,6691,4,NULL
3498,3776,42,4,7053,3,NULL
3499,3776,155,4,9454,4,NULL
3500,3776,155,4,9455,4,NULL
3502,3818,483,4,7667,12,NULL
3503,3818,478,4,9483,4,NULL
3504,3340,4,4,6553,9,NULL
3505,3340,95,4,9484,9,NULL
3506,3511,48,4,7119,4,NULL
3507,3511,48,6,7615,1,NULL
3508,3511,166,4,9495,10,NULL
3509,3544,39,4,7417,2,NULL
3510,3544,39,4,7011,2,NULL
3511,3544,38,4,8525,6,NULL
3512,3002,602,2,8265,0,"Mikayla Seymour started the Mifflin scoring with a beautifully served ball to Gigi Discala for Mifflin's opening goal. "
3513,3002,602,2,8264,1,Evie Stricker created a small space from a pass a pass from Gigi Discalla finding the back of the net from 25 yards out to give Mifflin a 2-0 lead
3514,3002,602,2,8265,1,"Jessica Angstadt found Mikayla Seymour on the right flank, Mikayla lofted a shot from 30 yards out into the far corner to extend Mifflin's lead to 3-0"
3515,3002,602,4,8277,5,"Mifflin's backline of Sierra Hess, Payton Klopp, Nicole Crammer, Bridget Martin, Jessica Angstadt and Lipuo Seifrit only allowed 5 shots on goal. Their stingy defense allowed Mifflin to build their attack and start many counter attacks."
3516,2876,504,6,9520,1,NULL
3517,2876,504,6,9521,1,NULL
3518,3470,14,4,6644,2,NULL
3519,3470,14,4,9540,1,NULL
3520,3470,177,4,9550,7,NULL
3521,4856,175,4,9551,8,NULL
3522,4856,14,4,6644,1,NULL
3523,4856,14,4,9540,1,NULL
3524,3429,12,4,6854,4,NULL
3525,3429,116,4,9554,1,NULL
3526,3463,6,6,7936,1,NULL
3527,3353,7,2,9595,1,NULL
3528,2908,507,6,9376,1,Jersey Pull
3529,3353,7,2,6594,2,NULL
3530,3353,7,2,9499,1,NULL
3531,3353,7,2,9596,1,NULL
3532,3353,7,2,6590,1,NULL
3533,3353,7,2,9498,1,NULL
3534,3353,7,3,9597,1,NULL
3535,3353,7,3,6818,2,NULL
3536,3353,7,4,6591,6,NULL
3537,3353,7,4,9598,2,NULL
3538,3353,80,2,9599,1,NULL
3539,3353,80,2,9600,1,NULL
3540,3353,80,2,9601,1,NULL
3541,3353,80,2,9602,1,NULL
3542,3353,80,2,9603,2,NULL
3543,3353,80,2,9604,2,NULL
3544,3353,80,3,9600,4,NULL
3545,3353,80,4,9500,6,NULL
3546,3124,647,4,9626,1,NULL
3547,3124,574,4,9682,12,NULL
3548,3625,53,4,7159,0,NULL
3549,3455,15,6,6648,1,NULL
3550,3545,38,4,8525,5,NULL
3551,3545,60,4,7239,6,NULL
3552,3512,48,4,7119,2,NULL
3553,3512,56,4,7560,8,NULL
3554,3512,56,4,9890,5,NULL
3555,3383,16,6,6655,1,NULL
3556,2877,512,6,9895,1,Yellow card
3557,2877,512,6,9896,1,Yellow card
3558,3589,39,4,7417,1,NULL
3559,3589,39,4,7011,2,NULL
3560,3589,47,4,7476,8,NULL
3561,3665,40,4,7026,6,NULL
3562,3665,40,4,7645,16,NULL
3563,3665,45,4,7530,16,NULL
3564,3849,647,4,9626,4,NULL
3565,3849,603,4,8639,10,NULL
3574,2909,507,6,9375,1,NULL
3575,2368,350,2,8036,3,NULL
3576,2368,350,2,8040,1,NULL
3577,2368,350,2,8026,1,NULL
3578,2368,350,2,8033,2,NULL
3579,2368,350,2,8037,1,NULL
3580,2368,350,2,8029,1,NULL
3581,2368,350,2,8042,1,NULL
3582,2368,350,6,8037,1,NULL
3583,2368,350,6,8026,1,NULL
3585,2288,350,2,8027,1,NULL
3586,2288,350,2,8036,2,NULL
3587,2288,350,2,8040,2,NULL
3588,2288,350,2,8028,2,NULL
3589,2288,350,2,8039,1,NULL
3590,2288,350,2,8026,1,NULL
3591,2288,350,2,8033,3,2 goals
3592,2288,350,4,8038,3,NULL
3593,3825,9,5,7803,1,NULL
3594,3825,9,5,7810,1,NULL
3595,3825,9,5,7813,2,NULL
3600,3825,2,2,9906,2,NULL
3601,3825,2,2,9905,2,NULL
3603,3825,2,5,9906,2,NULL
3604,3825,2,5,6524,2,NULL
3605,3825,2,5,6796,1,NULL
3606,3825,2,5,6920,1,NULL
3607,3825,2,5,9916,1,NULL
3609,3825,9,2,6611,3,NULL
3610,3825,9,2,6604,1,NULL
3611,3825,9,2,7810,1,NULL
3612,3825,9,4,6608,7,NULL
3614,3825,2,2,6920,3,NULL
3615,3825,2,2,6524,1,NULL
3616,3825,2,2,6808,1,NULL
3617,3825,9,2,6610,1,NULL
3618,3626,53,4,7159,7,NULL
3619,3626,173,4,9999,9,NULL
3620,3308,4,4,6553,1,NULL
3621,3308,4,4,6824,5,NULL
3622,3308,18,4,6668,7,NULL
3623,2798,712,2,8218,2,NULL
3624,2798,712,3,8218,1,NULL
3625,3529,168,4,10000,4,NULL
3626,3529,50,4,7131,4,NULL
3627,3487,103,6,10008,1,NULL
3628,3471,89,4,10022,4,NULL
3629,3471,14,4,9541,3,NULL
3630,3675,43,4,10014,3,NULL
3631,3675,43,4,10016,3,NULL
3632,3609,43,4,10014,3,NULL
3633,2149,600,4,9237,5,NULL
3634,2368,350,4,8038,2,BL admin
3635,3373,9,2,6611,5,NULL
3636,3373,9,2,6604,2,NULL
3637,3373,9,2,6610,3,NULL
3638,3373,9,2,7816,4,NULL
3639,3373,9,3,6604,8,NULL
3640,3373,9,4,6608,5,NULL
3641,3373,23,2,6720,2,NULL
3642,3373,23,2,6718,1,NULL
3643,3373,23,2,6722,1,NULL
3644,3373,23,2,6719,2,NULL
3645,3373,23,2,6911,1,NULL
3646,3373,23,2,8184,1,NULL
3647,3373,23,2,8188,1,NULL
3648,3373,23,3,6720,3,NULL
3649,3546,167,4,10132,10,NULL
3650,3546,38,4,8525,2,NULL
3651,3276,17,4,6760,2,NULL
3652,3513,48,4,7119,9,NULL
3653,3513,124,4,9309,14,NULL
3654,3590,39,4,7011,3,NULL
3655,3590,39,4,7417,2,NULL
3656,3590,65,4,10140,5,NULL
3657,3677,41,6,7041,1,NULL
3660,2150,600,4,9237,8,NULL
3661,3764,41,2,9739,2,NULL
3662,3764,41,2,9745,1,NULL
3663,3764,41,2,7046,1,NULL
3664,3764,41,2,9737,1,NULL
3665,3764,41,2,9746,1,NULL
3666,3764,41,2,7041,1,NULL
3667,3764,41,2,9743,1,NULL
3668,3764,41,2,9738,1,NULL
3669,3764,41,3,7041,2,NULL
3670,3764,41,4,7045,2,NULL
3671,3764,41,5,9739,3,NULL
3672,3764,41,5,7041,2,NULL
3673,3764,41,5,9737,2,NULL
3674,3764,41,5,7046,1,NULL
3675,3764,41,7,9737,1,"Supplemental Discipline was given to this player. "
3676,3764,69,2,7270,1,NULL
3678,3677,54,3,7170,1,NULL
3679,3677,54,4,7545,10,NULL
3680,3677,54,5,7170,1,NULL
3681,3677,54,5,7487,1,The player who committed this foul is named: Ciara Silva according to roster exchanged between coaches.
3682,3677,54,6,7170,1,NULL
3684,3677,41,2,9739,4,NULL
3685,3677,41,2,9738,2,NULL
3686,3677,41,2,9747,2,NULL
3687,3677,41,2,7041,4,NULL
3688,3677,41,2,9745,2,NULL
3689,3677,41,2,10162,1,NULL
3690,3677,41,2,9743,3,NULL
3691,3677,41,3,9743,6,NULL
3692,3677,41,3,7041,2,NULL
3693,3677,41,3,10163,1,NULL
3694,3677,41,5,9740,1,NULL
3695,3677,41,5,9739,1,NULL
3696,3677,41,5,7041,1,NULL
3697,3784,58,4,10199,3,NULL
3698,3784,157,4,10197,23,NULL
3699,3783,58,2,9566,7,NULL
3700,3755,37,4,6983,3,NULL
3701,3755,153,4,10200,8,NULL
3702,3753,37,4,6984,6,NULL
3703,3751,37,4,6984,12,NULL
3704,3751,160,4,10202,3,NULL
3705,3530,50,4,7131,6,NULL
3706,3530,45,4,7530,6,NULL
3707,3260,10,4,10033,8,NULL
3708,3259,10,4,10033,4,NULL
3709,3258,10,4,10033,4,NULL
3710,2369,350,4,8038,9,NULL
3711,2369,350,2,8032,1,NULL
3712,2369,350,2,8036,3,NULL
3713,2369,350,2,8040,1,NULL
3714,2369,350,2,8039,1,NULL
3715,2369,350,2,8026,2,NULL
3716,2369,350,2,8033,1,NULL
3717,2369,350,2,8034,1,NULL
3718,2369,350,6,8028,1,NULL
3719,2369,350,6,8032,1,NULL
3720,2201,378,4,8053,1,NULL
3721,2201,378,4,8065,1,NULL
3722,2151,600,4,9237,8,NULL
3723,3294,21,4,7715,1,NULL
3724,3294,11,4,8192,8,NULL
3725,3627,53,4,7159,0,NULL
3726,3803,56,4,7560,3,NULL
3727,3654,57,4,10172,9,NULL
3728,3654,59,4,7223,10,NULL
3729,3655,47,4,7476,5,NULL
3730,3655,57,4,10172,9,NULL
3731,3827,481,4,7860,6,NULL
3732,3827,481,2,7587,2,NULL
3733,3827,481,2,7832,1,NULL
3734,3827,481,2,7846,1,NULL
3735,3721,151,4,7344,8,NULL
3736,3721,59,4,7223,5,NULL
3738,3374,30,2,10349,1,NULL
3739,3374,30,2,10350,1,NULL
3740,3374,30,2,10351,1,NULL
3741,3374,30,2,10348,2,NULL
3742,3374,30,2,10352,1,NULL
3743,3374,30,2,10353,1,NULL
3744,3374,30,5,10348,1,NULL
3745,3374,30,5,10349,1,NULL
3746,3374,30,5,10351,2,NULL
3747,3374,30,5,10352,2,NULL
3748,3374,30,5,10353,2,NULL
3749,3374,9,2,7810,2,NULL
3750,3374,9,2,6611,1,NULL
3751,3374,9,5,6604,3,NULL
3752,3374,9,5,7804,1,NULL
3753,3374,9,5,7810,3,NULL
3754,3374,9,5,6609,2,NULL
3755,3374,9,5,6610,1,NULL
3756,3374,9,4,6608,7,NULL
3757,3374,30,4,10354,3,NULL
3758,3836,552,6,10357,1,NULL
3759,3836,552,6,10358,1,NULL
3760,3836,487,6,10236,1,NULL
3761,3836,487,6,10241,1,NULL
3762,3354,7,4,6591,9,NULL
3763,3354,7,4,9598,9,NULL
3764,3354,83,4,9368,10,NULL
3765,3457,19,4,6679,2,NULL
3766,3454,19,4,6679,2,NULL
3767,3455,19,4,6679,2,NULL
3768,3456,19,4,6679,3,NULL
3769,3828,481,4,7860,4,NULL
3770,3828,481,2,7835,1,NULL
3771,3828,481,2,7831,2,NULL
3772,3828,481,2,7587,3,NULL
3773,2993,522,6,8594,1,NULL
3774,4882,522,6,8158,1,NULL
3775,4882,522,6,8603,1,NULL
3776,4882,522,4,8157,5,NULL
3777,3514,69,4,7269,11,NULL
3778,3514,69,4,7269,11,NULL
3779,3514,48,4,7119,2,NULL
3780,4866,490,4,9815,3,NULL
3781,4866,490,4,9816,3,NULL
3782,3277,17,4,6760,3,NULL
3783,3277,17,4,9982,2,NULL
3784,3765,66,2,10393,2,NULL
3785,3765,66,2,10394,2,NULL
3786,3765,66,2,10395,1,NULL
3787,3765,66,3,10394,4,NULL
3788,3765,66,4,10396,4,NULL
3789,3765,66,5,10393,1,NULL
3790,3765,66,5,10394,2,NULL
3791,3765,66,5,10397,1,NULL
3792,3765,41,2,9745,2,NULL
3793,3765,41,2,10163,2,NULL
3794,3765,41,2,7041,2,NULL
3795,3765,41,2,9739,1,NULL
3796,3765,41,3,7041,3,NULL
3797,3765,41,3,9743,1,NULL
3798,3765,41,4,7045,5,NULL
3799,3765,41,5,9739,3,NULL
3800,3765,41,5,9742,2,NULL
3801,3765,41,5,9747,1,NULL
3802,3765,41,5,7041,1,NULL
3803,3765,41,5,9745,2,NULL
3804,2631,410,4,10485,5,NULL
3805,3261,4,4,6824,3,NULL
3806,3261,10,4,10033,5,NULL
3807,3295,21,4,7715,10,NULL
3808,3295,3,4,6528,8,NULL
3809,2770,712,4,8287,7,NULL
3810,2770,390,4,10543,19,NULL
3811,3757,37,4,6984,1,NULL
3812,3757,37,4,6983,2,NULL
3813,3757,67,4,10542,6,NULL
3814,3101,627,2,10302,1,NULL
3815,3101,627,2,10305,2,NULL
3816,3101,627,2,10307,4,NULL
3817,3101,627,2,10308,8,NULL
3818,3101,627,3,10315,1,NULL
3819,3101,627,4,10318,23,NULL
3820,2854,481,4,7860,6,Saved second half penalty kick
3821,2854,481,2,7831,3,NULL
3822,2854,481,2,7832,1,NULL
3823,2854,481,2,7587,4,NULL
3824,2854,481,2,7844,1,NULL
3825,2854,481,2,7846,2,NULL
3826,2854,481,2,7852,1,NULL
3827,3547,38,4,8525,2,NULL
3828,3547,186,4,10568,9,NULL
3829,3692,45,4,7530,14,NULL
3830,3692,56,4,7560,10,NULL
3831,3766,41,2,7041,2,NULL
3832,3766,41,2,9738,1,NULL
3833,3766,41,2,9737,3,NULL
3834,3766,41,3,7041,4,NULL
3835,3766,41,3,9737,3,NULL
3836,3766,41,4,7045,7,NULL
3837,3766,41,5,9747,1,NULL
3838,3766,41,5,9737,1,NULL
3839,3766,41,5,9739,1,NULL
3840,3766,41,5,9745,1,NULL
3841,3766,176,2,10582,1,NULL
3842,3766,176,2,10583,1,NULL
3843,3766,176,2,10584,1,NULL
3844,3766,176,2,10578,3,NULL
3845,3766,176,2,10585,2,NULL
3847,3766,176,3,10586,1,NULL
3848,3766,176,4,7382,4,NULL
3849,3766,176,5,10587,1,NULL
3850,3766,176,5,10582,1,NULL
3851,3766,176,5,10585,2,NULL
3852,3766,176,5,10583,1,NULL
3853,3766,176,5,10588,1,NULL
3855,3766,176,4,7382,4,NULL
3856,3102,627,2,10301,1,NULL
3857,3102,627,2,10303,2,NULL
3858,3102,627,2,10307,3,NULL
3859,3102,627,2,10308,8,NULL
3860,3102,627,2,10314,1,NULL
3861,3102,627,2,10315,1,NULL
3862,3102,627,2,10316,1,NULL
3863,3102,627,4,10318,5,NULL
3864,3531,51,4,7566,10,NULL
3865,3531,50,4,7131,4,NULL
3866,3103,627,2,10301,2,NULL
3867,3103,627,2,10303,1,NULL
3868,3103,627,2,10307,3,NULL
3869,3103,627,2,10308,8,NULL
3870,3103,627,2,10314,1,NULL
3871,3103,627,2,10315,2,NULL
3872,3103,627,4,10318,6,NULL
3873,3103,627,3,10315,2,NULL
3874,3103,627,5,10301,1,NULL
3875,3103,627,5,10303,1,NULL
3876,3103,627,5,10307,3,NULL
3877,3103,627,5,10317,1,NULL
3878,3103,612,2,9669,4,NULL
3879,3103,612,2,9670,1,NULL
3880,3103,612,2,9673,1,NULL
3881,3103,612,2,9675,1,NULL
3882,3103,612,2,9680,1,NULL
3883,3103,612,5,9669,1,NULL
3884,3103,612,5,9670,1,NULL
3885,3103,612,5,9673,3,NULL
3886,3103,612,5,9675,1,NULL
3887,3103,612,5,9678,1,NULL
3888,3103,612,5,9686,1,NULL
3889,3103,612,5,9688,1,NULL
3890,3103,612,4,9671,13,NULL
3891,3593,39,4,7417,1,NULL
3892,3593,39,4,7011,3,NULL
3893,3593,69,4,7269,7,NULL
3894,3723,59,4,7223,3,NULL
3895,3723,154,4,10300,16,NULL
3896,3030,647,4,9626,4,NULL
3897,4867,647,4,9626,10,NULL
3898,3430,12,4,6854,10,NULL
3899,3431,12,4,6854,4,NULL
3900,2339,350,4,8038,6,NULL
3901,2339,350,2,8026,2,NULL
3902,2339,350,2,8028,3,NULL
3903,2339,350,2,8033,1,NULL
3904,3375,9,2,6604,1,NULL
3905,3375,9,2,7810,2,NULL
3906,3375,9,2,6611,7,NULL
3907,3375,9,5,6604,1,NULL
3908,3375,9,5,7810,2,NULL
3909,3375,9,5,7813,1,NULL
3910,3375,9,5,6611,1,NULL
3911,3375,9,5,6609,2,NULL
3912,3375,9,5,8509,3,NULL
3913,3375,14,2,6641,1,NULL
3914,3375,14,2,6825,2,NULL
3915,3375,14,2,6828,1,NULL
3916,3375,14,5,6826,1,NULL
3917,3375,14,5,6640,1,NULL
3918,3375,14,5,6641,1,NULL
3919,3375,14,5,6825,1,NULL
3920,3375,14,5,6642,1,NULL
3921,3375,14,5,6828,1,NULL
3922,3375,14,5,9545,2,NULL
3923,3375,14,5,9548,1,NULL
3924,3125,663,4,9863,9,NULL
3925,3125,647,4,9626,1,NULL
3926,3125,647,4,9617,1,NULL
3927,3515,70,4,10637,25,NULL
3928,3515,48,4,7119,1,NULL
3929,3515,48,4,7614,0,NULL
3930,2814,712,4,8287,8,NULL
3931,2814,412,4,10638,5,NULL
3932,2948,490,4,9815,3,NULL
3933,3376,9,2,6611,3,NULL
3934,3376,9,2,7816,1,NULL
3935,3376,9,4,6608,4,NULL
3936,3376,9,5,6609,2,NULL
3937,3376,9,5,7810,1,NULL
3938,3376,9,5,6610,1,NULL
3939,3376,15,2,6966,1,NULL
3940,3376,15,2,10641,1,NULL
3941,3376,15,2,8446,1,NULL
3942,3376,15,2,6645,1,NULL
3943,3376,15,5,6970,1,NULL
3944,3376,15,5,6966,2,NULL
3945,3376,15,5,8445,1,NULL
3946,3376,15,5,6961,1,NULL
3947,3376,15,5,6963,1,NULL
3948,3376,15,4,6646,4,NULL
3949,3489,1,6,6884,1,NULL
3950,3489,1,6,7929,1,NULL
3951,2980,511,6,9583,1,NULL
3952,2980,522,4,8157,4,NULL
3953,2980,511,4,9573,8,NULL
3954,3262,10,4,10033,6,NULL
3958,3548,38,4,8525,3,NULL
3959,3548,131,4,7296,7,NULL
3960,3489,204,6,10645,1,NULL
3961,3543,150,4,7340,9,NULL
3962,3779,42,4,7053,2,NULL
3963,3779,69,4,7269,5,NULL
3964,3543,50,4,7131,2,NULL
3965,3341,29,4,9367,4,NULL
3966,3341,4,4,6824,2,NULL
3967,3759,214,4,10670,5,NULL
3968,3787,58,4,9569,2,NULL
3970,3759,37,4,6983,3,NULL
3971,3759,37,4,6984,4,NULL
3972,2100,487,6,10165,1,NULL
3973,2100,479,6,7877,1,NULL
3974,2863,481,4,7860,8,NULL
3975,2863,481,2,7831,1,NULL
3976,2863,481,2,7832,3,NULL
3977,2863,481,2,7587,4,NULL
3978,2863,481,2,7844,1,NULL
3979,2863,481,2,7852,4,NULL
3980,2863,481,2,7848,2,NULL
3981,2863,507,4,9921,2,NULL
3982,2863,507,4,9929,1,NULL
3983,3053,654,4,9411,4,NULL
3984,3055,654,4,9411,4,NULL
3985,3055,654,4,9416,4,NULL
3986,3054,654,4,9411,12,NULL
3987,2326,350,2,8027,1,NULL
3988,2326,350,2,8039,1,NULL
3989,2326,350,2,8033,4,NULL
3990,2326,350,2,8028,2,NULL
3991,2326,350,4,8038,5,NULL
3992,3594,124,4,10683,11,NULL
3993,3594,39,4,7417,1,NULL
3994,3594,39,4,7011,2,NULL
3995,3432,14,4,9541,9,NULL
3996,3432,12,4,6854,4,NULL
3997,2920,557,4,9321,13,NULL
3998,3789,58,4,9569,6,NULL
3999,3789,192,4,7390,15,NULL
4000,3056,654,4,9411,13,NULL
4001,3516,42,4,7053,5,NULL
4002,3342,4,4,6824,3,NULL
4003,3342,27,4,10693,2,NULL
4004,2153,600,4,9237,2,NULL
4005,2153,600,4,9238,1,NULL
4006,2153,638,4,10694,4,NULL
4007,3668,40,4,7645,8,NULL
4009,3666,56,4,7190,5,NULL
4010,3666,40,4,7645,5,NULL
4011,2864,458,4,10659,2,NULL
4012,2864,481,4,7860,4,NULL
4013,2864,481,4,7862,1,NULL
4014,2864,481,2,7587,3,NULL
4015,2864,481,2,7586,1,NULL
4016,2864,481,2,7832,1,NULL
4017,2864,481,2,7852,1,NULL
4018,3355,81,2,10701,1,NULL
4019,3355,81,2,10700,1,NULL
4020,3355,81,2,10702,1,NULL
4021,3355,81,2,10699,1,NULL
4022,3355,81,2,10703,1,NULL
4023,3355,81,2,10704,1,NULL
4024,3355,81,4,10705,1,NULL
4025,3355,7,2,10706,1,NULL
4026,3355,7,4,6591,4,NULL
4027,3262,7,4,6591,11,NULL
4028,3262,7,4,10707,1,NULL
4029,3262,7,2,9595,2,NULL
4030,3262,7,2,10366,2,NULL
4031,3262,7,2,10708,1,NULL
4032,3262,7,2,6590,2,NULL
4033,2370,350,2,8036,1,NULL
4034,2370,350,2,8039,1,NULL
4035,2370,350,2,8033,2,NULL
4036,2370,350,4,8038,10,NULL
4037,3315,24,4,6724,5,NULL
4038,3316,24,4,6724,8,NULL
4039,3317,24,4,6724,3,NULL
4040,3318,24,4,6724,4,NULL
4041,3319,24,4,6724,1,NULL
4042,3278,25,4,10204,2,NULL
4043,3278,17,4,6760,3,NULL
4044,4898,557,4,9321,4,NULL
4045,2987,557,4,9321,10,NULL
4046,4886,557,4,9321,8,NULL
4047,4890,557,4,9321,3,NULL
4048,2988,557,4,9321,3,NULL
4050,2370,350,2,8028,1,NULL
4051,2370,350,2,8042,1,NULL
4052,3669,41,2,9746,1,NULL
4053,3669,41,2,9738,2,NULL
4054,3669,41,2,9745,1,NULL
4055,3669,41,2,9739,1,NULL
4056,3669,41,2,7041,3,NULL
4057,3669,41,2,9742,2,NULL
4058,3669,41,2,9737,7,NULL
4059,3669,41,3,9737,5,NULL
4060,3669,41,4,7045,1,NULL
4061,3669,41,5,9737,2,NULL
4062,3669,41,5,7041,1,NULL
4063,3669,41,5,9745,3,NULL
4064,3669,40,2,7460,1,NULL
4065,3669,40,2,7037,1,NULL
4066,3669,40,4,7645,17,NULL
4067,3669,40,5,7468,1,NULL
4068,3669,40,5,7037,2,NULL
4069,3669,40,5,7639,3,NULL
4070,3669,40,5,7646,3,NULL
4071,3669,40,5,7038,1,NULL
4072,3669,40,5,7469,1,NULL
4073,3669,40,5,7463,2,NULL
4074,4900,627,2,10302,1,NULL
4075,4900,627,2,10308,4,NULL
4076,4900,627,2,10315,1,NULL
4077,4900,627,5,10307,1,NULL
4078,4900,627,3,10308,1,NULL
4079,4900,2722,2,10738,3,NULL
4080,4900,2722,2,10739,2,NULL
4081,4900,2722,2,10736,2,NULL
4082,4900,2722,2,10735,2,NULL
4083,4900,2722,2,10740,2,NULL
4084,4900,2722,2,10741,2,NULL
4085,4900,2722,2,10742,2,NULL
4086,4900,2722,5,10738,3,NULL
4087,4900,2722,5,10743,1,NULL
4088,4900,2722,5,10741,2,NULL
4089,4900,2722,4,10734,5,NULL
4090,3104,627,2,10308,5,NULL
4091,3104,627,2,10309,2,NULL
4092,3104,627,2,10310,1,NULL
4093,3104,627,2,10303,2,NULL
4094,3104,627,2,10305,2,NULL
4095,3104,627,2,10307,3,NULL
4096,3104,627,5,10302,1,NULL
4097,3104,627,5,10308,1,NULL
4098,3104,627,5,10309,1,NULL
4099,3104,627,5,10314,1,NULL
4100,3104,627,4,10318,2,NULL
4101,3104,627,4,10313,1,NULL
4102,3104,593,2,10746,1,NULL
4103,3104,593,4,10724,5,NULL
4104,4895,350,2,8030,1,NULL
4105,4895,350,2,8036,1,NULL
4106,4895,350,4,8038,6,NULL
4107,3263,95,4,9484,8,NULL
4108,3263,10,4,10033,2,NULL
4109,3263,10,4,6947,2,NULL
4110,3263,10,6,6953,1,NULL
4111,2947,490,4,9815,2,NULL
4112,3827,490,4,9815,4,NULL
4113,4866,507,4,9921,7,NULL
4114,2934,490,4,9815,8,NULL
4115,2934,509,4,10086,8,NULL
4116,2948,506,4,10552,5,NULL
4117,3656,66,4,10396,10,NULL
4118,3532,37,4,6984,4,NULL
4120,3532,37,4,6983,7,NULL
4121,3532,50,4,7131,3,NULL
4122,3532,50,6,7481,1,NULL
5111,3126,647,4,9626,2,NULL
5112,3126,640,4,10681,17,NULL
5113,3595,39,4,7011,0,NULL
5114,3595,39,4,7417,0,NULL
5115,3595,45,4,7530,13,NULL
5116,3714,59,4,10733,4,NULL
5117,3472,14,4,9541,1,NULL
5118,3472,14,4,9540,1,NULL
5119,3472,1,4,6876,8,NULL
5120,3472,1,4,6874,6,NULL
5121,3714,52,4,8356,4,NULL
5122,3375,14,4,9541,7,NULL
5123,2154,600,4,9237,1,NULL
5124,2154,654,4,9411,4,NULL
5125,2154,654,4,9416,12,NULL
5126,2129,598,4,7609,3,NULL
5127,2129,598,4,7992,1,NULL
5128,2130,598,4,7609,1,NULL
5129,2131,598,4,7609,5,NULL
5130,2131,598,4,7992,3,NULL
5131,2133,598,4,7992,1,NULL
5132,2133,598,4,7609,1,NULL
5133,3327,9,4,6608,6,NULL
5134,3327,9,2,7810,1,NULL
5135,3327,9,2,6611,1,NULL
5136,3327,9,5,6761,1,NULL
5137,3327,3,4,6528,2,NULL
5138,3327,3,2,6526,1,NULL
5139,3327,3,2,6532,1,NULL
5140,3327,3,2,6535,1,NULL
5141,3327,3,2,6860,2,NULL
5142,3327,3,2,6864,2,NULL
5143,3327,3,5,6857,2,NULL
5144,3327,3,5,6532,1,NULL
5145,3327,3,5,6535,1,NULL
5146,3327,3,5,6860,1,NULL
5147,3327,3,5,6859,1,NULL
5148,3327,3,5,6864,1,NULL
5149,3327,3,5,6529,1,NULL
5150,3327,9,4,6608,7,NULL
5151,3517,48,4,7610,2,NULL
5152,3090,626,2,8390,2,NULL
5153,3090,626,2,8395,3,NULL
5154,3090,626,2,8402,2,NULL
5155,3090,626,2,8406,2,NULL
5156,3090,626,2,8407,4,NULL
5157,3090,626,2,8408,1,NULL
5158,3090,626,2,8409,2,NULL
5159,3090,626,5,8390,2,NULL
5160,3090,626,5,8392,2,NULL
5161,3090,626,5,8395,1,NULL
5162,3090,626,5,8402,4,NULL
5163,3090,626,5,8406,1,NULL
5164,3090,626,5,8408,1,NULL
5165,3090,626,5,8417,1,NULL
5166,3090,627,2,10301,2,NULL
5167,3090,627,2,10303,2,NULL
5168,3090,627,2,10307,2,NULL
5169,3090,627,2,10308,11,NULL
5170,3090,627,2,10315,1,NULL
5171,3090,627,2,10310,1,NULL
5172,3090,627,4,10318,12,NULL
5173,3090,627,5,10303,1,NULL
5174,3090,627,5,10307,1,NULL
5175,3090,627,5,10308,2,NULL
5176,3090,627,5,10309,1,NULL
5177,3090,627,6,10317,1,NULL
5178,3517,49,4,7123,18,NULL
5181,3448,20,6,6691,1,NULL
5182,3448,20,6,11773,1,NULL
5183,3448,20,6,6889,2,NULL
5184,3448,19,4,6679,4,NULL
5185,3264,10,4,10033,3,NULL
5186,3264,10,4,6947,4,NULL
5187,3264,18,4,6668,9,NULL
5188,3279,24,4,6724,2,NULL
5189,3279,17,4,6760,5,NULL
5190,3279,17,4,9982,2,NULL
5191,3433,12,6,6855,1,31minute mark
5192,2949,522,4,8157,9,NULL
5194,2949,490,6,9809,1,NULL
5195,3767,41,2,9737,1,NULL
5196,3767,41,2,9739,1,NULL
5197,3767,41,2,9745,1,NULL
5198,3767,41,2,9747,1,PK
5199,3767,41,2,7041,1,NULL
5200,3767,41,3,9737,3,NULL
5201,3767,41,3,7041,1,NULL
5202,3767,41,4,7045,6,NULL
5203,3767,41,5,9737,2,NULL
5204,3767,41,5,9747,2,NULL
5205,3767,41,5,9739,1,NULL
5206,3767,41,5,9740,2,NULL
5207,3767,41,5,7041,1,NULL
5208,2865,481,4,7860,12,NULL
5209,2865,508,4,10577,6,NULL
5210,3767,47,6,7105,1,NULL
5211,2865,481,2,7831,4,NULL
5212,3767,47,6,8237,1,NULL
5213,3767,47,6,7736,2,NULL
5214,2865,481,2,7587,4,NULL
5215,3767,47,7,7736,1,NULL
5216,2865,481,2,7844,1,NULL
5217,2865,481,2,7857,1,NULL
5218,3767,47,3,7100,2,NULL
5219,3767,47,2,7107,3,NULL
5220,3767,47,2,7100,2,NULL
5221,3767,47,2,7101,2,NULL
5222,3767,47,2,7736,2,NULL
5223,3767,47,4,7476,5,NULL
5224,3767,47,5,7470,2,NULL
5225,3767,47,5,7105,1,NULL
5226,3767,47,5,8237,2,NULL
5227,3767,47,5,7100,2,NULL
5228,3767,47,5,7101,3,NULL
5229,3767,47,5,7736,2,NULL
5230,3767,47,5,7102,1,NULL
5231,3780,58,4,9569,5,NULL
5232,2352,350,2,8027,1,NULL
5233,2352,350,2,8026,3,NULL
5234,2352,350,2,8028,1,NULL
5235,2352,350,4,8038,2,NULL
5236,3433,12,4,6854,9,NULL
5237,3549,57,4,10172,5,NULL
5238,3241,2,4,6805,6,NULL
5239,3241,21,4,7715,1,NULL
5240,3241,21,4,6812,1,NULL
5241,2836,712,4,8287,13,NULL
5242,3731,49,4,7123,7,NULL
5243,3731,49,6,8241,1,NULL
5244,3518,48,4,7610,2,NULL
5245,3518,48,4,7119,0,NULL
5246,3518,37,4,6984,6,NULL
5247,3518,37,4,6983,3,NULL
5248,3057,654,4,9416,6,NULL
5249,3057,606,4,11818,6,NULL
5250,3596,59,4,10733,7,NULL
5251,3490,22,6,8301,1,NULL
5252,3490,22,6,6705,1,NULL
5253,3596,39,4,7417,3,NULL
5254,3596,39,4,7011,2,NULL
5255,3715,52,4,8356,2,NULL
5256,3715,60,4,7239,4,NULL
5257,2155,600,4,9237,2,NULL
5258,2155,600,4,9238,1,NULL
5259,2155,603,4,11820,16,NULL
5260,3473,14,4,9541,3,NULL
5261,3473,14,4,9540,1,NULL
5262,3473,23,4,6715,5,NULL
5263,3127,615,4,8229,18,NULL
5264,3158,615,4,8229,5,NULL
5265,4903,615,4,8229,8,NULL
5266,4897,615,4,8229,9,NULL
5267,3157,615,4,8229,9,NULL
5268,3156,615,4,8229,9,NULL
5269,2550,378,4,8065,6,NULL
5270,2549,378,4,8065,5,NULL
5271,2548,378,4,8065,0,NULL
5272,3824,378,4,8065,2,NULL
5273,3824,378,4,8053,2,NULL
5274,3127,647,4,9626,10,NULL
5275,3533,50,4,7130,1,NULL
5276,2993,522,4,8157,9,NULL
5278,2969,522,4,8157,11,NULL
5279,2949,490,4,9815,4,NULL
5280,3357,9,4,6608,2,NULL
5281,3357,9,2,7810,3,NULL
5282,3357,9,2,6611,3,NULL
5283,3357,9,5,7804,1,NULL
5284,3357,9,5,7810,1,NULL
5285,3357,9,5,6611,1,NULL
5286,3357,9,5,6607,1,NULL
5287,3357,9,5,6612,2,NULL
5288,3357,9,5,6609,1,NULL
5289,3357,9,5,8509,1,NULL
5290,3357,9,5,6606,1,NULL
5291,3357,7,4,9598,6,NULL
5292,3357,7,2,10366,3,NULL
5293,3357,7,2,6590,1,NULL
5294,3357,7,2,9499,1,NULL
5295,3357,7,5,6594,1,NULL
5296,3357,7,5,9597,1,NULL
5297,3357,7,5,6818,1,NULL
5298,3357,7,5,9596,1,NULL
5299,3357,7,5,9498,2,NULL
5300,3357,7,5,9499,1,NULL
5301,3357,7,5,6593,1,NULL
5302,3297,21,4,7715,6,NULL
5305,3297,17,4,9982,5,NULL
5306,2362,350,2,8025,1,NULL
5307,2362,350,2,8026,1,NULL
5308,2362,350,2,8033,4,NULL
5309,2362,350,2,8034,1,NULL
5310,2362,350,2,8028,1,NULL
5311,2362,350,2,8037,1,NULL
5312,2362,350,4,8038,9,NULL
5313,3791,58,4,9569,10,NULL
5314,3791,47,4,7476,8,NULL
5315,3449,20,6,6889,1,NULL
5316,3449,20,6,11772,1,NULL
5317,3311,18,4,6668,6,NULL
5318,3311,24,4,6724,5,NULL
5319,3768,41,2,7041,4,NULL
5320,3768,41,2,9742,1,NULL
5321,3768,41,2,9747,1,NULL
5322,3768,41,2,9739,1,NULL
5323,3768,41,2,9745,1,NULL
5324,3768,41,3,7041,3,NULL
5325,3768,41,3,9743,2,NULL
5326,3768,41,4,7045,1,NULL
5327,3768,41,5,9741,1,NULL
5328,3768,41,5,9740,1,NULL
5329,3768,41,5,9739,3,NULL
5330,3768,41,5,9745,1,NULL
5331,3768,41,5,9747,2,NULL
5332,3768,55,2,7183,1,NULL
5333,3768,55,3,7183,3,NULL
5334,3768,55,4,7181,5,NULL
5335,3768,55,5,7182,1,NULL
5336,3768,55,5,7434,1,NULL
5337,3768,55,5,7427,1,NULL
5338,2136,654,4,9416,9,NULL
5339,2225,378,4,8065,6,NULL
5340,2866,481,2,7852,1,NULL
5341,2866,481,4,7860,6,NULL
5342,2866,481,4,7862,1,NULL
5343,3398,12,4,6854,4,NULL
5344,3597,52,4,8356,11,NULL
5346,3076,627,4,10318,20,NULL
5347,3076,609,4,10109,4,NULL
5348,3474,14,4,9540,3,NULL
5349,3474,15,4,6646,6,NULL
5350,3741,37,4,6984,5,NULL
5351,3741,37,4,6983,3,NULL
5352,3741,49,4,7123,12,NULL
5353,3139,615,4,8229,5,NULL
5354,3344,4,4,6824,3,NULL
5355,3344,7,4,9598,3,NULL
5356,3829,481,4,7860,4,NULL
5357,3829,481,2,7828,1,NULL
5358,3829,481,2,7830,1,NULL
5359,3829,481,2,7831,2,NULL
5360,3829,481,2,7587,2,NULL
5361,3829,481,2,7835,1,NULL
5362,3829,481,2,7844,1,NULL
5363,3320,24,4,6724,6,NULL
5364,3320,76,4,11844,4,NULL
5365,3631,64,4,11854,5,NULL
5366,3631,53,4,7159,4,NULL
5367,3631,53,4,7159,4,NULL
5368,3298,21,4,7715,2,NULL
5369,3058,633,4,11865,3,NULL
5370,3058,654,4,9416,18,NULL
5371,3534,1710,4,11866,5,NULL
5372,3534,50,4,7131,2,NULL
5373,3535,50,4,7131,9,NULL
5374,3535,71,4,11867,5,NULL
5375,3105,647,4,9626,3,NULL
5376,3105,627,4,10318,9,NULL
5377,3551,38,4,8525,4,NULL
5378,3551,42,4,7053,6,NULL
5380,3243,6,4,6571,5,NULL
5381,3463,6,4,6571,3,NULL
5382,3383,6,4,6571,2,NULL
5383,3393,6,4,6571,8,NULL
5384,3464,6,4,6571,4,NULL
5385,3433,6,4,6571,6,NULL
5386,3449,6,4,6571,5,NULL
5387,3281,17,4,9982,3,NULL
5388,3281,28,4,11872,2,NULL
5389,3434,12,4,6854,5,NULL
5390,2137,598,4,7609,1,NULL
5391,2137,598,4,7992,1,NULL
5392,2135,598,4,7609,1,NULL
5393,2135,598,4,7992,1,NULL
5394,2135,598,4,7991,1,NULL
5395,2136,598,4,7992,3,NULL
5396,4844,547,4,8326,10,NULL
5397,4883,488,4,11883,1,NULL
5398,4883,522,4,8157,2,NULL
5399,4883,522,6,8595,1,NULL
5400,2843,490,4,9815,12,NULL
5401,2551,378,4,8065,5,NULL
5402,3657,129,4,11914,11,NULL
5403,3657,57,4,10172,6,NULL
5404,3491,1,6,6884,1,NULL
5405,2843,505,4,11850,4,NULL
5406,3282,17,4,6760,2,NULL
5407,3552,38,4,8525,4,NULL
5408,3552,44,4,11925,4,NULL
5409,3128,647,4,9626,2,NULL
5410,3299,21,4,7715,3,NULL
5411,3128,604,4,11770,9,NULL
5412,3299,24,4,6724,3,NULL
5413,2683,688,4,9645,9,NULL
5414,3792,58,2,9569,7,NULL
5415,3792,56,4,7190,6,NULL
5416,3435,12,4,6854,1,NULL
6401,3106,627,4,10318,2,NULL
6402,3106,640,4,10681,18,NULL
6403,3046,654,4,9411,8,NULL
6404,3345,4,4,6824,5,NULL
6405,3345,9,4,6608,7,NULL
6406,3696,49,4,7123,3,NULL
6407,3696,49,4,8240,2,NULL
6408,3696,54,4,7545,6,NULL
6409,3732,37,4,6984,2,NULL
6410,3732,37,4,6983,3,NULL
6411,3732,51,4,11817,8,NULL
6412,3681,52,4,8356,4,NULL
6413,2924,490,4,9815,3,NULL
6414,3681,43,4,10014,3,NULL
6415,2924,485,4,12917,4,NULL
6416,3520,48,4,7610,6,NULL
6417,2989,522,4,8157,3,NULL
6418,2989,522,6,8603,1,NULL
6419,2989,522,6,8610,1,NULL
6420,3520,50,4,7131,5,NULL
6421,2989,557,4,9321,6,NULL
6422,2989,557,6,9329,1,NULL
6423,3151,615,4,8229,5,NULL
6424,2867,484,4,9832,4,NULL
6425,2867,481,4,7860,4,NULL
6426,2867,481,2,7586,3,NULL
6427,2867,481,2,7831,2,NULL
6428,2867,481,2,7832,4,NULL
6429,2867,481,2,7587,3,NULL
6430,2867,481,2,7844,2,NULL
6431,2867,481,2,7846,2,NULL
6432,2105,505,4,11850,12,NULL
6433,3358,7,2,6818,1,NULL
6434,3358,7,2,9499,1,NULL
6435,3358,7,2,10366,3,NULL
6436,3358,7,2,9597,1,NULL
6437,3358,7,3,12921,1,NULL
6438,3358,7,3,9597,1,NULL
6439,3358,7,4,6591,10,NULL
6440,3358,16,2,12922,2,NULL
6441,3358,16,2,6656,2,NULL
6442,3358,16,2,6659,3,NULL
6443,3358,16,2,6655,2,NULL
6444,3358,16,2,6899,1,NULL
6445,3358,16,3,12922,3,NULL
6446,3358,16,4,6661,4,NULL
6447,3649,44,4,11925,11,NULL
6448,3649,57,4,10172,3,NULL
6449,3266,24,4,6724,5,NULL
6450,3266,10,4,6947,3,NULL
6451,3417,12,4,6854,3,NULL
6452,3785,42,4,7053,2,NULL
6453,3785,55,4,7181,8,NULL
6454,3300,21,4,7715,4,NULL
6455,3300,18,4,6832,2,NULL
6456,3245,17,4,9982,2,NULL
6458,3553,38,4,8525,6,NULL
6459,3553,53,4,7159,3,NULL
6460,3140,615,4,8229,7,NULL
6461,2157,644,4,10640,26,NULL
6462,2156,606,4,11818,7,NULL
6463,2156,600,4,9237,3,NULL
6464,2552,378,4,8065,2,NULL
6465,3598,39,4,7417,5,NULL
6466,3598,43,4,10014,0,NULL
6467,3598,43,4,10016,9,NULL
6468,3700,37,4,6984,3,NULL
6469,3700,37,4,6983,2,NULL
6470,3331,7,2,9597,1,NULL
6471,3331,7,2,10366,1,NULL
6472,3331,7,4,9598,4,NULL
6473,3331,7,3,9597,2,NULL
6474,3331,3,2,6857,2,NULL
6475,3331,3,2,6525,2,NULL
6476,3331,3,2,6526,2,NULL
6477,3331,3,2,6535,1,NULL
6478,3331,3,4,6528,2,NULL
6479,3107,604,4,11770,9,NULL
6480,3107,627,4,10318,2,NULL
6481,4877,522,4,8157,10,NULL
6482,4877,522,6,8158,1,NULL
6483,4877,485,4,12917,5,NULL
6484,3536,49,4,7123,10,NULL
6485,3536,50,4,7131,2,NULL
6486,2881,487,6,10241,1,NULL
6487,2856,493,6,12939,1,NULL
6488,2856,493,6,12940,1,NULL
6489,2856,493,6,12941,1,NULL
6490,3346,4,4,6824,1,NULL
6491,3346,8,4,6599,5,NULL
6492,4873,511,4,9581,7,NULL
6494,3724,60,4,7239,8,NULL
6495,3724,59,4,10733,14,NULL
6496,2950,490,4,9815,13,NULL
6497,2189,350,2,8025,1,NULL
6498,2189,350,2,8036,1,NULL
6499,2189,350,2,8028,1,NULL
6500,2189,350,2,8034,1,NULL
6502,2189,350,4,8038,11,NULL
6503,2295,350,2,8025,2,NULL
6504,2295,350,2,8027,1,NULL
6505,2295,350,2,8036,1,NULL
6506,2295,350,2,8026,6,NULL
6507,2295,350,2,8029,1,NULL
6508,2295,350,2,8028,1,NULL
6509,2295,350,2,8033,1,NULL
6510,2295,350,2,8034,1,NULL
6511,2295,350,2,8039,1,NULL
6512,2295,350,2,8037,2,NULL
6513,2295,350,4,8038,4,NULL
6514,3242,2,4,6805,7,NULL
6515,3242,10,4,6947,7,NULL
6516,3242,2,7,6524,1,NULL
6517,2553,378,4,8065,3,NULL
6518,3822,53,4,7159,2,NULL
6519,3059,654,4,9411,15,NULL
6520,3059,609,4,10109,4,NULL
6521,3619,57,4,10172,5,NULL
6522,3619,46,4,10017,7,NULL
6523,3794,58,4,9569,7,NULL
6524,3794,55,4,7181,2,NULL
6525,3436,19,6,6685,1,NULL
6526,3436,19,6,6680,1,NULL
6527,3436,12,6,7778,1,NULL
6528,3554,40,4,7645,15,NULL
6529,3554,38,4,8525,3,NULL
6530,3267,10,4,6947,3,NULL
6531,3267,21,4,6812,4,NULL
6532,3267,21,4,7715,5,NULL
6534,3284,18,4,12954,3,NULL
6535,3246,24,4,6724,3,NULL
6536,3284,17,4,9982,4,NULL
6537,2845,505,4,11850,7,NULL
6538,2845,508,4,5444,3,NULL
6539,3837,463,6,10328,1,NULL
6540,3837,487,6,9506,1,NULL
6541,3522,48,4,7119,4,NULL
6542,3522,122,4,7281,11,NULL
6544,3521,51,4,9996,5,NULL
6545,3521,51,4,7566,8,NULL
6546,3521,48,4,7119,2,NULL
6547,3786,42,4,7053,4,NULL
6548,3786,47,4,7476,3,NULL
6550,3744,49,4,7123,9,NULL
6551,3744,143,4,12961,2,NULL
6552,2951,490,4,9815,1,NULL
6553,2951,490,4,9816,1,NULL
6554,2951,547,4,8326,7,NULL
6555,3726,59,4,10733,11,NULL
6556,2158,642,4,12969,12,NULL
6557,2158,600,4,9237,2,NULL
6558,2158,600,6,9250,1,NULL
6559,6910,41,2,9746,1,Wore #39 (Away Kit)
6560,6910,41,2,7046,1,NULL
6561,6910,41,2,9741,1,Wore #35 (Away Kit)
6562,6910,41,2,9739,4,NULL
6563,6910,41,2,9745,1,NULL
6564,6910,41,2,12966,3,NULL
6565,6910,41,2,9738,2,NULL
6566,6910,41,3,12966,3,NULL
6567,6910,41,4,7045,2,NULL
6568,6910,41,5,7046,1,NULL
6569,6910,41,5,9739,4,NULL
6570,6910,41,5,9742,1,NULL
6571,6910,41,5,9745,1,NULL
6572,6910,41,5,12966,2,NULL
6573,6910,41,5,9738,1,NULL
6574,6910,41,5,9743,1,NULL
6575,6910,41,5,12974,1,NULL
6576,6910,41,5,12975,1,NULL
6577,6910,41,6,9747,1,NULL
6578,6910,56,2,11834,4,NULL
6579,6910,56,2,7187,1,NULL
6580,6910,56,3,7188,2,NULL
6581,6910,56,4,7190,9,NULL
6582,6910,56,5,7193,1,NULL
6583,6910,56,5,7198,1,NULL
6584,6910,56,5,11834,1,NULL
6585,6910,56,5,7192,2,NULL
6586,6910,56,5,7559,1,NULL
6587,2940,511,4,9573,11,NULL
6588,2121,483,4,7667,3,NULL
6589,2121,481,4,7860,6,NULL
6590,2121,481,2,7832,1,NULL
6591,2121,481,2,7587,2,NULL
6592,2121,481,2,7844,2,NULL
6593,2121,481,2,7852,1,NULL
6594,2121,481,2,7846,1,NULL
6595,2965,522,4,8157,7,NULL
6596,2965,522,6,8603,1,NULL
6597,2965,522,6,8610,1,NULL
6598,2965,506,4,9706,6,NULL
6599,2965,506,6,9705,1,NULL
6600,3159,615,4,8229,5,NULL
6601,2803,712,4,8287,5,NULL
6602,2139,594,4,12984,5,NULL
6603,2139,598,4,7992,1,NULL
6604,2138,598,4,7609,4,NULL
6605,2138,598,4,7992,5,NULL
6606,2138,602,4,8277,10,NULL
6607,3034,627,4,10318,3,NULL
6608,3034,665,4,8068,7,NULL
6609,3459,19,6,7648,1,NULL
6610,3459,23,6,6719,1,NULL
6611,4868,647,4,9626,5,NULL
6612,4868,770,4,12985,17,NULL
6613,3378,9,2,6604,2,NULL
6614,3378,9,2,7810,1,NULL
6615,3378,9,3,6604,2,NULL
6616,3378,9,4,6608,2,NULL
6617,3378,9,6,6608,1,NULL
6618,3378,9,5,7804,1,NULL
6619,3378,9,5,7810,2,NULL
6620,3378,9,5,7813,4,NULL
6621,3378,9,5,8509,3,NULL
6622,3378,9,5,7806,1,NULL
6623,3378,33,2,12990,1,NULL
6624,3378,33,2,10183,1,NULL
6625,3378,33,4,10185,1,NULL
6626,3378,33,5,10184,3,NULL
6627,3378,33,5,12991,5,NULL
6628,3378,33,5,12992,2,NULL
6629,3378,33,5,10183,1,NULL
6630,3378,33,5,12993,2,NULL
6631,3378,33,5,12994,2,NULL
6632,3378,33,5,12995,1,NULL
6633,3378,33,7,10183,1,NULL
6634,6914,209,4,12997,6,NULL
6635,6914,17,4,9982,3,NULL
6636,3523,49,2,7123,10,NULL
6637,3523,48,4,7119,4,NULL
6638,3478,14,6,9552,1,NULL
6639,3347,4,4,6824,5,NULL
6640,3347,16,4,6907,4,NULL
6641,3599,45,4,7530,10,NULL
6642,3599,39,4,7011,4,NULL
6643,3359,7,2,9595,2,NULL
6644,3537,37,4,6984,16,NULL
6645,3359,7,2,12921,1,NULL
6646,3359,7,2,10366,2,NULL
6647,3359,7,2,9596,1,NULL
6648,3537,50,4,7131,3,NULL
6649,3359,7,2,9498,3,NULL
6650,3359,7,2,6819,1,NULL
6651,3359,7,3,12921,2,NULL
6652,3359,7,3,9597,3,NULL
6653,3359,7,4,9598,4,NULL
6654,3359,8,2,6602,2,NULL
6655,3359,8,2,6776,1,NULL
6656,3359,8,2,6771,1,NULL
6657,3359,8,2,6772,1,NULL
6658,3359,8,2,7730,1,NULL
6659,3359,8,4,6599,10,NULL
6660,3588,600,4,9237,0,NULL
6661,3588,600,4,9238,2,NULL
6662,3108,627,4,10318,1,NULL
6663,3108,604,4,13005,9,NULL
6664,3078,615,4,8229,9,NULL
6665,3716,52,4,8356,4,NULL
6666,3716,59,4,10733,10,NULL
6667,2317,350,2,8025,1,NULL
6668,2317,350,2,8032,1,NULL
6669,2317,350,2,8040,1,NULL
6670,2317,350,2,8036,1,NULL
6671,2317,350,2,8037,1,NULL
6672,2317,350,2,8037,1,NULL
6673,2317,350,4,8038,5,NULL
6674,3846,626,4,8386,13,NULL
6675,2150,626,4,8386,9,NULL
6676,3845,626,4,8386,2,NULL
6677,3073,626,4,8386,4,NULL
6678,3089,626,4,8386,1,NULL
6679,3090,626,4,8386,8,NULL
6680,3091,626,4,8386,13,NULL
6681,3091,626,4,8385,2,NULL
6682,3092,626,4,8386,4,NULL
6683,3093,626,4,8386,15,NULL
6684,3047,626,4,8386,4,NULL
6685,3047,626,4,8415,1,NULL
6686,4884,536,4,13023,2,NULL
6687,4884,522,4,8157,5,NULL
6688,4884,522,4,8607,2,NULL
6689,4884,522,6,8158,1,NULL
6690,3285,17,4,9982,4,NULL
6692,3285,24,4,6724,6,NULL
6693,3437,12,4,6854,6,NULL
6694,4858,58,4,9569,10,NULL
6695,4858,42,4,7053,2,NULL
6696,2846,505,4,11850,4,NULL
6697,2846,481,4,7860,8,NULL
6698,2846,481,2,7832,2,NULL
6699,2846,481,2,7587,1,NULL
6700,2846,481,2,7843,1,NULL
6701,2846,481,2,7844,1,NULL
6702,2846,481,2,7846,2,NULL
6703,3247,21,4,7715,5,NULL
6704,3247,2,4,6805,6,NULL
6705,3555,38,4,8525,4,NULL
6706,3555,57,4,10172,4,NULL
7662,2952,490,4,9815,1,NULL
7663,2952,490,4,9815,1,NULL
7664,2952,490,4,9816,2,NULL
7665,3634,40,4,7645,26,NULL
7666,3634,53,4,7159,1,NULL
7667,3334,4,4,6824,1,NULL
7668,3334,3,4,6528,1,NULL
7669,3095,626,4,8386,2,NULL
7670,3479,14,4,9541,5,NULL
7671,3479,23,4,6715,18,NULL
7672,3538,54,4,7545,5,NULL
7673,3600,39,4,7011,3,NULL
7674,3600,59,4,10733,6,NULL
7675,3538,54,4,14007,4,NULL
7676,3538,50,4,7131,1,NULL
7677,3538,50,4,7130,3,NULL
7678,3360,7,2,9595,1,NULL
7679,3360,7,2,9499,1,NULL
7680,3360,7,2,10366,1,NULL
7681,3360,7,2,9596,2,NULL
7682,3360,7,2,9597,1,NULL
7683,3360,7,3,9597,1,NULL
7684,3360,7,3,12921,3,NULL
7685,3360,7,4,6591,6,NULL
7686,3360,9,2,6604,1,NULL
7687,3360,9,2,7810,2,NULL
7688,3360,9,2,6610,1,NULL
7689,3360,9,2,6611,2,NULL
7690,3360,9,4,6608,5,NULL
7692,3035,665,4,8078,5,NULL
7693,3035,665,4,8068,8,NULL
7694,2159,600,4,9237,9,NULL
7695,2159,602,4,8277,5,NULL
7696,2159,602,4,8263,4,NULL
7697,2159,602,7,8277,1,NULL
7698,3524,37,4,6983,12,NULL
7699,3524,48,4,7119,3,NULL
7700,3119,615,4,8229,8,NULL
7701,2141,598,4,7992,1,NULL
7702,2141,598,4,7609,0,NULL
7703,2141,606,4,11818,4,NULL
7704,2140,603,4,11820,8,NULL
7705,2140,598,4,7609,2,NULL
7706,2140,598,4,7992,0,NULL
7707,3109,663,4,9863,18,NULL
7708,3109,627,4,10318,5,NULL
7709,2942,490,4,9815,10,NULL
7710,2942,509,4,10081,6,NULL
7711,3269,10,4,6947,1,NULL
7712,3269,10,4,10033,1,NULL
7713,2311,350,2,8036,1,NULL
7714,2311,350,2,8026,1,NULL
7715,2311,350,2,8037,1,NULL
7716,2311,350,2,8034,1,NULL
7717,2311,350,2,8033,1,NULL
7718,2311,350,2,8033,1,NULL
7719,2311,350,4,8038,5,NULL
7720,2882,487,6,10236,1,NULL
7721,2882,487,6,10250,1,NULL
7722,2882,507,6,9375,1,NULL
7723,2882,507,6,9385,1,NULL
7724,3556,38,4,8525,5,NULL
7725,3556,46,4,10212,3,NULL
7726,3556,46,4,10017,3,NULL
7727,3788,42,4,7053,3,NULL
7728,3788,56,4,7190,3,NULL
7729,3788,56,4,11774,3,NULL
7730,3313,24,4,6724,2,NULL
7731,3313,18,4,6668,3,NULL
7732,2868,481,4,7860,11,NULL
7733,2868,481,2,7586,1,NULL
7734,2868,481,2,7828,1,NULL
7735,2868,481,2,7831,2,NULL
7736,2868,481,2,7832,1,NULL
7737,2868,481,2,7587,7,NULL
7738,2868,481,2,7844,1,NULL
7739,2868,481,2,7852,1,NULL
7740,2868,481,2,7846,3,NULL
7741,3404,12,4,6854,10,NULL
7742,3404,11,4,8192,8,NULL
7743,3650,40,4,7645,7,NULL
7744,3650,44,4,7502,3,NULL
7745,5905,17,4,9982,7,NULL
7746,5905,21,4,7715,5,NULL
7747,3733,51,4,11817,7,NULL
7748,3733,49,4,7123,8,NULL
7749,3635,57,4,10172,9,NULL
7750,3635,53,4,7159,6,NULL
7751,3635,53,4,7159,6,NULL
7752,3601,39,4,7417,3,NULL
7753,3601,52,4,8356,13,NULL
7754,3060,654,4,9411,2,NULL
7755,3060,769,4,14026,6,NULL
7756,3348,7,2,10366,2,NULL
7757,3348,7,3,12921,1,NULL
7758,3348,7,3,9597,1,NULL
7759,3348,7,4,6591,8,NULL
7760,3348,4,2,6551,2,NULL
7761,3348,4,2,6555,2,NULL
7762,3348,4,2,6894,2,NULL
7763,3348,4,2,6544,1,NULL
7764,3348,4,2,9353,1,NULL
7765,3348,4,2,6546,1,NULL
7766,3348,4,4,6824,2,NULL
7767,3348,7,6,10366,1,NULL
7768,3480,15,4,6646,7,NULL
7769,3480,15,4,6965,1,NULL
7770,3480,14,4,9541,2,NULL
7771,3539,51,4,11817,9,NULL
7772,3539,50,4,7131,1,NULL
7773,3371,9,2,6610,1,NULL
7774,3371,9,2,6611,2,NULL
7775,3371,9,4,6608,4,NULL
7776,3371,9,4,6608,5,NULL
7777,3301,21,4,7715,4,NULL
7778,3371,9,5,7810,1,NULL
7779,3371,9,5,6610,1,NULL
7780,3371,9,5,6611,1,NULL
7781,3371,9,5,6607,2,NULL
7782,3371,9,5,6609,2,NULL
7783,3371,8,4,6599,3,NULL
7784,3371,8,2,6602,2,NULL
7785,3371,8,2,6773,1,NULL
7786,3371,8,2,6779,1,NULL
7787,3371,8,6,6781,1,NULL
7788,3371,8,5,6781,1,NULL
7789,3371,8,5,6776,1,NULL
7790,3371,8,5,6779,1,NULL
7791,3371,8,2,6600,1,NULL
7792,3371,8,2,6600,1,NULL
7793,2869,481,4,7860,6,NULL
7794,2869,481,2,7832,3,NULL
7795,2869,481,2,7587,1,NULL
7796,2869,481,2,7835,1,NULL
7797,2869,481,2,7586,1,NULL
7798,2160,600,4,9237,6,NULL
7799,3746,49,4,7123,8,NULL
7800,3746,37,4,6984,11,NULL
7801,2160,594,4,12984,8,NULL
7802,2160,594,4,14037,7,NULL
7803,3273,29,4,14044,7,NULL
7804,3273,10,4,6947,3,NULL
7805,3273,10,4,10033,1,NULL
7806,3096,626,4,8386,4,NULL
7807,6911,41,2,9745,3,NULL
7808,6911,41,2,7041,1,NULL
7809,6911,41,2,9739,1,NULL
7810,6911,41,3,7041,6,NULL
7811,6911,41,5,9741,2,NULL
7812,6911,41,5,9740,1,NULL
7813,6911,41,5,9742,2,NULL
7814,6911,41,5,9739,2,NULL
7815,6911,41,5,7041,3,NULL
7816,6911,41,5,9745,1,NULL
7817,6911,41,5,9747,1,NULL
7818,6911,41,4,7045,11,NULL
7819,6911,41,6,9740,1,NULL
7820,6911,47,2,7100,1,NULL
7821,6911,47,2,7101,6,NULL
7822,6911,47,2,8237,1,NULL
7823,6911,47,2,7107,1,NULL
7824,6911,47,2,7472,2,NULL
7825,6911,47,2,7736,2,NULL
7826,6911,47,3,7736,2,NULL
7827,6911,47,4,7476,3,NULL
7828,6911,47,5,7476,1,NULL
7829,6911,47,5,7101,2,NULL
7830,6911,47,5,8237,1,NULL
7831,6911,47,5,7736,8,NULL
7832,6911,47,6,7101,1,NULL
7833,3769,155,2,9450,5,NULL
7834,3769,155,2,7354,2,NULL
7835,3769,155,2,14046,1,NULL
7836,3769,155,3,14046,3,NULL
7837,3769,155,4,9454,5,NULL
7838,3769,155,5,14046,2,NULL
7839,3769,155,5,14047,2,NULL
7840,3769,155,5,14048,1,NULL
7841,3769,155,5,9450,2,NULL
7842,3769,155,5,9452,1,NULL
7843,3769,155,5,7351,1,NULL
7844,3769,155,5,7354,1,NULL
7845,3769,155,5,9453,1,NULL
7846,3769,155,6,7354,1,NULL
7847,3769,41,2,9739,3,NULL
7848,3769,41,2,12966,1,NULL
7849,3769,41,2,9745,1,NULL
7850,3769,41,3,12966,1,NULL
7851,3769,41,4,7045,5,NULL
7852,3769,41,5,9742,1,NULL
7853,3769,41,5,12966,1,NULL
7854,3769,41,5,10163,1,NULL
7855,3769,41,6,12966,1,NULL
7856,3287,27,4,10693,9,NULL
7857,3287,17,4,6760,1,NULL
7858,3321,24,4,6724,3,NULL
7859,6912,41,2,7041,2,NULL
7860,6912,41,2,9738,1,NULL
7861,6912,41,2,10163,1,NULL
7862,6912,41,2,9743,1,NULL
7863,6912,41,3,7041,1,NULL
7864,6912,41,3,9743,1,NULL
7865,6912,41,4,7045,3,NULL
7866,6912,41,5,9739,3,NULL
7867,6912,41,5,9742,1,NULL
7868,6912,41,5,7041,2,NULL
7869,6912,41,5,7046,2,NULL
7870,6912,41,5,9744,1,NULL
7871,6912,41,5,9745,1,NULL
7872,6912,41,5,10163,1,NULL
7873,6912,41,6,7041,1,NULL
7874,6912,41,6,9744,1,NULL
7875,6912,55,2,7182,1,NULL
7876,6912,55,2,7183,1,NULL
7877,6912,55,2,7185,1,NULL
7878,6912,55,4,7181,4,NULL
7879,6912,55,5,7182,1,NULL
7880,6912,55,5,7430,1,NULL
7881,6912,55,5,7180,1,NULL
7882,6912,55,5,7176,1,NULL
7883,6912,55,5,9663,1,NULL
7884,6912,55,5,7427,1,NULL
7885,6912,55,5,9661,1,NULL
7886,2143,598,4,7992,2,NULL
7887,2143,598,4,7609,1,NULL
7888,2143,684,4,9910,8,NULL
7889,3110,615,4,8229,7,NULL
7890,3120,612,4,9671,14,NULL
7891,3120,647,4,9626,6,NULL
7892,3120,647,4,9617,1,NULL
7893,3110,627,4,10318,2,NULL
7894,3525,54,4,14007,5,NULL
7895,3525,54,4,7545,8,NULL
7896,3525,48,4,7119,3,NULL
7897,3525,48,4,7614,4,NULL
7898,2847,505,6,10519,1,NULL
7899,2847,505,6,10515,1,NULL
7900,2847,505,6,10508,1,NULL
7901,2847,505,6,10512,1,NULL
7902,2847,487,6,10250,1,NULL
7904,2847,487,6,9509,2,NULL
7905,2847,487,7,9509,1,NULL
7906,2847,487,6,9511,1,NULL
7907,3660,63,4,10639,2,NULL
7908,3660,57,4,10172,4,NULL
7909,3660,57,4,10176,6,NULL
7910,3615,53,4,7159,0,NULL
7911,3615,46,4,10212,6,NULL
7912,3615,46,4,10017,5,NULL
7913,3770,41,4,7045,5,NULL
7914,3770,42,4,7053,4,NULL
7915,3111,773,4,14074,15,NULL
7916,3111,627,4,10318,4,NULL
7917,3097,626,4,8386,9,NULL
7918,3661,57,4,10172,1,NULL
7920,3130,647,4,9626,3,NULL
7921,3130,663,4,9863,16,NULL
7922,3302,24,4,6724,4,NULL
7923,3302,21,4,7715,6,NULL
7924,3288,10,4,6947,7,NULL
7925,3288,17,4,6760,2,NULL
7926,2142,600,4,9237,6,NULL
7927,2142,598,4,14079,6,NULL
7928,2142,598,4,7992,3,NULL
7929,3097,615,4,8229,10,NULL
7930,2333,350,2,8027,1,NULL
7931,2333,350,2,8036,2,NULL
7932,2333,350,2,8034,1,NULL
7933,2333,350,2,8028,1,NULL
7934,2333,350,2,8032,1,NULL
7935,2333,350,4,8038,3,NULL
7936,3826,9,2,7810,3,NULL
7937,3826,9,2,6611,1,NULL
7938,3826,9,5,6608,1,NULL
7939,3826,9,5,6611,1,NULL
7940,3826,9,5,6612,2,NULL
7941,3826,9,4,6608,3,NULL
7942,3826,4,2,6544,1,NULL
7943,3826,4,2,9348,1,NULL
7944,3826,4,2,6894,1,NULL
7945,3826,4,5,6551,2,NULL
7946,3826,4,5,6544,1,NULL
7947,3826,4,5,6556,2,NULL
7948,3826,4,5,6894,1,NULL
7949,3826,4,5,9353,1,NULL
7950,3602,39,4,7417,8,NULL
7951,3602,60,4,7239,7,NULL
7952,2928,511,4,9581,16,NULL
7953,2974,520,4,7767,2,NULL
7954,2974,520,6,7773,1,NULL
7955,2974,522,4,8157,9,NULL
7956,2974,522,6,8603,1,NULL
7957,3496,1,7,6881,1,NULL
7958,3526,48,4,7119,5,NULL
7959,3526,50,4,7131,5,NULL
7962,3481,14,4,9541,9,NULL
7964,3699,59,4,10733,5,NULL
7965,2955,506,4,9729,7,NULL
7966,3481,22,4,12926,4,NULL
7967,2955,490,4,9815,8,NULL
7968,3699,45,4,14009,12,NULL
7969,3830,481,4,7860,13,NULL
7970,3830,481,2,7586,2,NULL
7971,3830,481,2,9414,2,NULL
7972,3830,481,2,7846,1,NULL
7973,2883,508,6,12943,1,NULL
7974,2990,557,4,9321,4,NULL
7975,2990,557,6,9328,1,NULL
7976,2990,557,6,9325,1,NULL
7977,2990,522,4,8157,7,NULL
7978,2990,522,6,8603,1,NULL
7979,3734,51,4,11817,8,NULL
7980,3734,37,4,6983,2,NULL
7981,3112,612,4,9671,11,NULL
7982,3112,627,4,10318,8,NULL
7983,2357,350,2,8036,3,NULL
7984,2357,350,2,8026,2,NULL
7985,2357,350,2,8034,1,NULL
7986,2357,350,2,8028,1,NULL
7987,2357,350,2,8033,3,NULL
7988,2357,350,4,8038,2,NULL
7989,3082,626,4,8386,10,NULL
7990,3651,57,4,10172,2,NULL
7991,3651,44,4,11925,2,NULL
7992,2871,507,4,9921,10,NULL
7993,2871,481,4,7860,5,NULL
7994,2871,481,2,7586,3,NULL
7995,2871,481,2,7831,2,NULL
7996,2871,481,2,7832,4,NULL
7997,2871,481,2,7846,2,NULL
7998,2871,481,2,7857,1,NULL
7999,2871,481,2,7852,4,NULL
8000,3558,53,4,7159,3,NULL
8001,3558,38,4,8525,11,NULL
8002,3271,24,4,6724,8,NULL
8003,3271,10,4,6947,7,NULL
8005,2161,654,4,9411,9,NULL
8006,3026,644,4,10640,7,NULL
8007,3026,654,4,9416,2,NULL
8008,2161,600,4,9237,2,NULL
8009,3460,19,6,6685,1,NULL
8010,3618,40,4,7645,7,NULL
8011,3540,49,4,7123,9,NULL
8012,3540,50,4,7131,3,NULL
8013,3379,9,2,6611,2,NULL
8014,3379,9,2,6609,1,NULL
8015,3379,9,4,6608,2,NULL
8016,3379,9,5,7810,3,NULL
8017,3379,16,2,6652,1,NULL
8018,3379,16,2,6657,1,NULL
8019,3379,16,5,6895,1,NULL
8020,3379,16,4,8161,2,NULL
8021,3379,16,5,6659,4,NULL
8022,3379,16,5,6657,2,NULL
8023,3379,16,5,8173,1,NULL
8024,3379,16,4,8161,3,NULL
8025,2794,712,4,8287,12,NULL
8026,2984,511,4,9581,8,Herman with the shutout.
8027,3771,58,4,9569,1,NULL
8028,3771,41,2,9745,2,NULL
8029,3771,41,2,9739,1,NULL
8030,3771,41,2,9742,1,NULL
8031,3771,41,4,7045,9,NULL
8032,3771,58,6,7215,1,NULL
8033,3771,41,3,12966,1,NULL
8034,3771,41,5,7046,1,NULL
8035,3771,41,5,9739,2,NULL
8036,3771,41,5,9742,2,NULL
8037,3771,41,5,12966,3,NULL
8038,3482,14,4,9541,8,NULL
8039,3482,13,4,6638,7,NULL
8040,2956,490,4,9815,6,NULL
8041,2956,557,4,9321,3,NULL
8042,3708,37,4,6984,2,NULL
8043,3708,54,4,7545,12,NULL
8044,3527,51,4,7566,10,NULL
8045,3527,51,4,9996,12,NULL
8046,3527,48,4,7119,1,NULL
8047,3527,48,4,7614,2,NULL
8048,3132,640,4,10681,19,NULL
8049,3132,647,4,9626,1,NULL
8050,3132,647,4,9628,1,NULL
8051,2345,350,2,8026,3,NULL
8052,2345,350,2,8028,1,NULL
8053,2345,350,2,8033,2,NULL
8054,3289,17,4,9982,1,NULL
8056,3687,59,4,10733,7,NULL
8057,3687,43,4,10016,6,NULL
8058,3439,12,4,6854,3,NULL
8059,3772,41,2,9745,5,NULL
8060,3772,41,2,10163,1,NULL
8061,3772,41,2,9742,1,NULL
8062,3772,41,2,14135,1,NULL
8063,3772,41,2,9738,1,NULL
8064,3772,41,2,9739,2,NULL
8065,3772,41,3,7041,8,NULL
8066,3772,41,3,9739,1,NULL
8067,3772,41,4,7045,5,NULL
8068,3772,41,5,9742,3,NULL
8069,3772,41,5,9738,1,NULL
8070,3772,41,5,9739,2,NULL
8071,3772,41,5,7041,1,NULL
8072,3772,41,5,9745,1,NULL
8073,3772,56,2,7187,4,NULL
8074,3772,56,2,7186,1,NULL
8075,3772,56,4,7190,7,NULL
8076,3772,56,5,7193,4,NULL
8077,3772,56,5,7197,1,NULL
8078,3772,56,5,7558,1,NULL
8079,3772,56,5,7195,1,NULL
8080,3772,56,5,7188,1,NULL
8081,3772,56,5,7562,1,NULL
8082,3772,56,5,7186,1,NULL
8083,3272,21,4,7715,5,NULL
8084,3272,10,4,6947,4,NULL
8085,3842,24,4,6724,2,NULL
8086,3842,2,4,6885,9,NULL
8087,2985,511,4,9573,1,Earned the shutout
8088,3702,42,4,7053,4,NULL
8089,3702,45,4,7530,11,NULL
8090,3541,47,4,7476,4,NULL
8091,3541,50,4,7131,11,NULL
8092,2985,547,4,8326,12,NULL
8093,3407,14,4,9541,6,NULL
8094,3407,11,4,8192,6,NULL
8095,3098,626,4,8386,7,NULL
8096,3636,44,4,11925,2,NULL
8097,3636,53,4,7159,4,NULL
8098,2957,490,4,9815,4,NULL
8099,2957,553,4,14143,3,NULL
8100,2884,484,6,9829,1,NULL
8101,2884,484,6,9823,1,NULL
8102,3362,7,2,9595,1,NULL
8103,3362,7,2,12921,2,NULL
8104,3362,7,2,9597,1,NULL
8105,3362,7,2,9498,1,NULL
8106,3362,7,2,10366,2,NULL
8107,3362,7,2,10706,1,NULL
8108,3362,7,2,14152,1,NULL
8109,3362,7,2,9499,1,NULL
8110,3362,7,3,12921,7,NULL
8111,3362,7,3,9597,1,NULL
8112,3362,7,4,9598,3,NULL
8113,3362,7,6,6592,1,NULL
8114,3362,82,2,14153,1,NULL
8115,3362,82,2,14154,1,NULL
8116,3362,82,2,14155,1,NULL
8117,3362,82,4,14151,3,NULL
8118,3337,7,4,6591,20,NULL
8119,3131,647,4,9626,8,NULL
8120,3131,646,4,10692,11,NULL
8121,3519,48,4,7119,1,NULL
8122,3519,48,4,7610,0,NULL
8123,3519,48,4,7614,0,NULL
8124,3519,54,4,7545,7,NULL
8125,3519,54,4,14007,6,NULL
8126,2870,481,4,7860,8,NULL
8127,2870,481,4,7862,1,NULL
8128,2870,508,4,10577,1,NULL
8129,2870,481,2,7586,1,NULL
8130,2870,481,2,7831,1,NULL
8131,2870,481,2,7832,1,NULL
8132,2870,481,2,7835,1,NULL
8134,3747,49,4,7123,3,NULL
8135,3747,171,4,14173,11,NULL
8136,3604,42,4,7053,7,NULL
8137,3604,39,4,7011,1,NULL
8138,3604,39,4,7417,3,NULL
8140,3099,626,4,8386,10,NULL
8141,3099,627,4,10318,6,NULL
8142,3663,180,4,14177,11,NULL
8143,3663,57,4,10172,4,NULL
8144,3290,95,4,9484,4,NULL
8145,3290,17,4,9982,2,NULL
8146,3133,647,4,9626,4,NULL
8147,3133,615,4,8229,19,NULL
8148,3637,53,4,7159,4,NULL
8149,3637,133,4,14184,10,NULL
8150,3350,12,4,6854,10,NULL
8151,3350,4,4,6553,4,NULL
8152,4857,41,2,9737,3,NULL
8153,4857,41,2,9739,2,NULL
8154,4857,41,2,9742,1,NULL
8155,4857,41,2,7041,2,NULL
8156,4857,41,2,9745,1,NULL
8157,4857,41,3,9737,2,NULL
8158,4857,41,3,7041,1,NULL
8159,4857,41,4,7045,7,NULL
8160,4857,41,5,9740,1,NULL
8161,4857,41,5,9737,1,NULL
8162,4857,41,5,9739,2,NULL
8163,4857,41,5,7046,1,NULL
8164,4857,41,5,7041,2,NULL
8165,4857,41,5,9745,2,NULL
8166,4857,58,2,7217,1,NULL
8167,4857,58,2,7214,2,NULL
8168,4857,58,2,7210,2,NULL
8169,4857,58,2,7512,1,NULL
8170,4857,58,2,7211,1,NULL
8171,4857,58,2,7213,1,NULL
8172,4857,58,3,7210,1,NULL
8173,4857,58,4,9569,7,NULL
8174,4857,58,5,9568,1,NULL
8175,4857,58,5,7214,1,NULL
8176,4857,58,5,7213,1,NULL
8177,4857,58,5,7217,1,NULL
8178,3542,58,4,9569,7,NULL
8179,3542,50,4,7131,6,NULL
8180,2995,522,4,8157,2,NULL
8181,2995,547,4,8326,5,NULL
8182,2872,487,4,9507,2,NULL
8183,2872,481,4,7860,11,NULL
8184,2872,481,2,7586,5,NULL
8185,2872,481,2,7835,1,NULL
8186,2872,481,2,7852,1,NULL
8187,2986,511,4,9573,14,"Played his best game of the year "
8188,2931,485,4,12917,5,NULL
8189,2931,490,4,9815,9,NULL
8190,3085,609,4,10109,2,NULL
8191,3085,627,4,10318,18,NULL
8192,2366,350,2,8042,2,NULL
8193,2366,350,2,8026,2,NULL
8194,2366,350,2,8028,1,NULL
8195,2366,350,2,8033,1,NULL
8196,2366,350,2,8037,3,NULL
8197,2366,350,4,8038,5,NULL
8198,2829,712,4,8287,9,NULL
8199,2829,413,4,14200,8,NULL
8200,2162,600,4,9237,3,NULL
8201,2162,600,4,9238,3,NULL
8202,2163,600,4,9237,3,NULL
8203,2163,600,4,9238,1,NULL
8204,2163,606,4,11818,10,NULL
8205,2163,606,4,14209,2,NULL
8206,2163,606,4,14210,1,NULL
8207,3049,654,4,9411,3,NULL
8208,3049,603,4,11820,3,NULL
8210,3061,654,4,9411,6,NULL
8211,3061,606,4,11818,5,NULL
8212,3704,41,2,9741,1,NULL
8213,3704,41,2,7046,1,NULL
8214,3704,41,2,9739,1,NULL
8215,3704,41,2,9743,1,NULL
8216,3704,41,2,9738,1,NULL
8217,3704,41,3,7041,2,NULL
8218,3704,41,3,9739,2,NULL
8219,3704,41,3,9743,3,NULL
8220,3704,41,4,7045,3,NULL
8221,3704,41,5,9742,2,NULL
8222,3704,41,5,9738,1,NULL
8223,3704,41,5,9739,3,NULL
8224,3704,41,5,7041,5,NULL
8225,3704,41,5,9745,1,NULL
8226,3704,41,5,9743,2,NULL
8227,3704,41,6,7043,2,NULL
8228,3704,41,7,7043,1,Soft Red
8229,3704,41,6,9742,1,NULL
8230,3704,41,6,9739,1,NULL
8231,3704,45,2,7090,1,NULL
8232,3704,45,2,7093,1,NULL
8233,3704,45,2,7534,1,NULL
8234,3704,45,4,14009,4,NULL
8235,3704,45,5,7534,1,NULL
8236,3704,45,5,7093,1,NULL
8237,3461,19,6,7648,1,NULL
8238,3461,19,6,6685,1,NULL
8239,3461,1,6,7925,1,NULL
8240,3461,1,6,6875,1,NULL
8241,3155,615,4,8229,5,NULL
8242,3730,137,4,14217,7,NULL
8243,3730,59,4,10733,2,NULL
8244,3468,33,6,12991,0,NULL
8245,3468,33,6,12991,1,NULL
8246,3761,37,4,6984,7,NULL
8247,3761,37,4,6983,3,NULL
8248,3670,40,4,7645,9,NULL
8249,3629,40,4,7645,11,NULL
8250,3647,40,4,7645,5,NULL
8251,3658,40,4,7645,14,NULL
8252,3617,40,4,7645,14,NULL
8253,3134,604,4,11770,13,NULL
8254,3134,647,4,9626,1,NULL
8255,6936,53,4,7159,0,NULL
8256,6936,50,4,7131,13,NULL
8257,6931,39,4,7417,2,NULL
8258,6931,42,4,7053,11,NULL
8259,6920,13,4,13007,8,NULL
8260,2371,350,2,8036,1,NULL
8261,2371,350,2,8029,1,NULL
8262,2371,350,2,8028,3,NULL
8263,2371,350,2,8033,1,NULL
8264,2371,350,2,8033,2,NULL
8265,3560,38,4,8525,3,NULL
8266,2371,350,2,8037,1,NULL
8267,3560,40,4,7645,9,NULL
8268,2371,350,2,8034,1,NULL
8269,2371,350,4,8038,2,NULL
8270,2873,456,4,14224,5,NULL
8271,2873,481,4,7860,8,NULL
8272,2873,481,2,7586,2,NULL
8273,2873,481,2,7828,2,NULL
8274,2873,481,2,9414,1,NULL
8275,2873,481,2,7831,2,NULL
8276,2873,481,2,7587,2,NULL
8277,2873,481,2,7846,4,NULL
8278,2873,481,2,7852,1,NULL
8279,6937,14,4,9541,5,NULL
8280,6937,10,4,10033,1,NULL
8281,3661,40,4,7645,9,NULL
8284,3773,164,2,14228,1,NULL
8285,3773,164,2,14229,1,NULL
8286,3773,164,2,7364,4,NULL
8289,3773,164,2,12964,3,NULL
8290,3773,164,2,14227,3,NULL
8291,3773,164,3,7364,3,NULL
8292,3773,164,3,14228,1,NULL
8293,3773,164,5,14229,3,NULL
8294,3773,164,5,7364,1,NULL
8295,3773,164,5,12964,2,NULL
8296,3773,164,5,14227,3,NULL
8297,3773,164,5,14230,1,NULL
8298,3773,164,5,14231,1,NULL
8299,3773,41,3,9743,1,NULL
8300,3773,41,4,7045,10,NULL
8301,3773,41,5,9744,1,NULL
8302,3773,41,5,7046,3,NULL
8303,3773,41,5,9739,2,NULL
8304,3773,41,5,12966,1,NULL
8305,3773,41,5,9745,1,NULL
8306,3748,49,4,7123,6,NULL
8307,3748,142,4,14232,15,NULL
8308,6935,600,4,9237,3,NULL
8309,6935,600,4,9239,2,NULL
8310,6935,647,4,9626,21,NULL
8311,6938,626,4,8386,14,NULL
8312,6930,48,4,7119,7,NULL
8313,6939,654,4,9411,16,NULL
8314,6938,598,4,7609,2,NULL
8315,6938,598,4,7992,3,NULL
8316,2146,598,4,14079,3,NULL
8317,2146,598,4,7992,2,NULL
8319,4899,557,4,9321,12,NULL
8320,2971,557,4,9321,13,NULL
8321,2983,557,4,9321,3,NULL
8322,2964,557,4,9321,7,NULL
8323,2941,557,4,9321,3,NULL
8324,2976,557,4,9321,10,NULL
8325,2986,557,4,9321,5,NULL
8326,2145,598,4,14079,1,NULL
8327,2145,598,4,7992,2,NULL
8328,2145,665,4,8068,18,NULL
8329,6921,24,4,6724,5,NULL
8330,6921,4,4,6824,6,NULL
8331,6944,39,4,7417,3,NULL
8332,6944,38,4,8525,10,NULL
8333,6948,53,4,7159,3,NULL
8334,6948,60,4,7239,6,NULL
8335,6945,627,4,10318,10,NULL
8338,6929,4,4,6824,7,NULL
8339,6929,11,4,8192,3,NULL
9326,6908,58,4,9569,6,NULL
9327,6908,1710,4,11866,13,NULL
9328,6947,487,6,10165,1,NULL
9329,3035,654,4,9411,2,NULL
9330,3010,654,4,9411,7,NULL
9331,6918,49,4,7123,3,NULL
9332,6918,70,4,10637,15,NULL
9333,7950,53,4,7159,1,NULL
9334,7950,38,4,8525,15,NULL
9335,6922,24,4,6724,1,NULL
9336,6922,10,4,6947,5,NULL
9337,4859,58,4,9569,10,NULL
9338,6941,481,2,7860,10,NULL
9339,6958,490,4,9815,6,NULL
9340,6943,490,4,9815,8,NULL
9341,6943,490,4,9816,3,NULL
9342,7953,39,4,7417,3,NULL
9343,7953,141,4,7325,8,NULL
9344,7957,14,4,9541,2,NULL
9345,7957,34,4,14114,13,NULL
9346,7956,41,4,7045,11,NULL
9347,7956,42,4,7053,8,NULL
9348,7973,53,4,7159,1,NULL
9349,7973,180,4,14177,9,NULL
10339,7974,712,3,8218,14,NULL
10340,7974,712,4,8287,1,NULL
10341,8956,21,4,7715,1,NULL
10342,7969,38,4,8525,5,NULL
10343,7969,60,4,7239,5,NULL
10344,7955,48,4,7119,3,NULL
10345,7955,178,4,16306,7,NULL
10346,6923,24,4,6724,2,NULL
10347,6923,80,4,9500,9,NULL
11339,3238,2,2,9906,2,NULL
11340,3238,2,2,6920,1,NULL
11341,3238,2,2,9911,1,NULL
11342,3239,2,2,6802,1,NULL
11343,3239,2,2,6808,1,NULL
11344,3239,2,2,9906,2,NULL
11345,3239,2,2,6796,1,NULL
11346,3239,2,2,6524,5,NULL
11347,3239,2,2,9911,1,NULL
11348,3239,2,2,9919,3,NULL
11349,3240,2,2,9909,2,NULL
11350,3240,2,2,9905,2,NULL
11351,3240,2,2,6920,1,NULL
11352,3240,2,2,9906,7,NULL
11353,3240,2,2,6796,6,NULL
11354,3240,2,2,6524,3,NULL
11355,3240,2,2,9911,1,NULL
11356,3240,2,2,9913,2,NULL
11357,3240,2,2,9916,1,NULL
11358,3241,2,2,9905,1,NULL
11359,3241,2,2,9906,5,NULL
11360,3242,2,2,9916,1,NULL
11361,3242,2,2,9906,1,NULL
11362,3242,2,2,6524,2,NULL
11363,3242,2,2,9914,1,NULL
11364,3242,2,2,6796,1,NULL
11365,3243,2,4,6805,7,NULL
11366,3243,2,2,9906,2,NULL
11367,3243,2,2,6796,1,NULL
11368,3243,2,2,9913,1,NULL
11369,3243,2,2,9919,1,NULL
11370,3244,2,4,6805,11,NULL
11371,3244,2,2,6886,1,NULL
11372,3244,2,2,6802,1,NULL
11373,3244,2,2,9919,2,NULL
11374,3244,2,2,9906,3,NULL
11375,3244,2,2,6524,3,NULL
11376,3244,2,2,9916,1,NULL
11377,3245,2,4,6805,10,NULL
11378,3245,2,2,9905,3,NULL
11379,3245,2,2,9906,1,NULL
11380,3246,2,4,6805,9,NULL
11381,3246,2,2,9905,1,NULL
11382,3246,2,2,9906,1,NULL
11383,3246,2,2,6524,2,NULL
11384,3247,2,2,6802,1,NULL
11385,3247,2,2,6808,1,NULL
11386,3247,2,2,9919,1,NULL
11387,3247,2,2,9906,3,NULL
11388,3269,2,4,6805,6,NULL
11389,3269,2,2,6886,2,NULL
11390,3269,2,2,6796,1,NULL
11391,3269,2,2,9919,1,NULL
11392,3249,2,4,6885,10,NULL
11393,3249,2,2,6886,1,NULL
11394,3249,2,2,6797,1,NULL
11395,3249,2,2,6796,1,NULL
11396,3249,2,2,9906,4,NULL
11397,3249,2,2,6524,2,NULL
11398,3249,2,2,9916,1,NULL
11399,3249,2,2,9919,2,NULL
11400,3250,2,4,6885,10,NULL
11401,3250,2,2,9906,3,NULL
11402,3250,2,4,6885,11,NULL
11403,3250,2,2,6808,1,NULL
11404,3250,2,2,6524,5,NULL
11405,3842,2,2,6920,1,NULL
11406,3842,2,2,6796,2,NULL
11407,3842,2,2,9906,3,NULL
11408,3842,2,2,9919,1,NULL
11409,3842,2,2,9905,1,NULL
11410,3251,2,4,6885,4,NULL
11411,3251,2,2,6800,2,NULL
11412,3251,2,2,6797,2,NULL
11413,3251,2,2,9919,2,NULL
11414,3251,2,2,9905,1,NULL
11415,3251,2,2,6796,1,NULL
11416,3251,2,2,9906,9,NULL
11417,3251,2,2,6920,2,NULL
11418,3251,2,2,6524,3,NULL
11419,3251,2,2,9914,2,NULL
11420,3252,2,4,6885,4,NULL
11421,3252,2,2,9905,1,NULL
11422,3252,2,2,6796,3,NULL
11423,3252,2,2,9906,7,NULL
11424,3252,2,2,6524,6,NULL
11425,3252,2,2,9913,3,NULL
11426,3253,2,4,6885,9,NULL
11427,3253,2,2,6886,1,NULL
11428,3253,2,2,6797,2,NULL
11429,3253,2,2,9905,3,NULL
11430,3253,2,2,6920,2,NULL
11431,3253,2,2,9906,3,NULL
11432,3253,2,2,6796,3,NULL
11433,3253,2,2,6524,5,NULL
11434,3253,2,2,9919,1,NULL
11435,3825,2,4,6805,6,NULL
11436,3238,2,4,6805,5,NULL
11437,3239,2,4,6805,7,NULL
11438,3240,2,4,6805,8,NULL
11439,3241,2,4,6805,6,NULL
11440,9959,128,4,17312,6,NULL
11441,9959,49,4,7123,6,NULL
11442,9963,37,4,6984,4,NULL
11443,9963,37,4,6983,5,NULL
11444,9963,165,4,10563,6,NULL
11445,9960,2720,4,17316,3,NULL
11446,9960,14,4,9541,5,NULL
11447,7970,10,4,6947,2,NULL
11448,7970,4,4,6824,2,NULL
11449,7972,39,4,7417,4,NULL
11450,7972,41,4,7045,11,NULL
11451,9966,487,6,9509,1,NULL
11452,9966,508,6,12943,1,NULL
11453,9967,53,4,7159,2,NULL
11454,9967,61,4,17318,6,NULL
11455,9968,64,4,11854,5,NULL
11456,9968,38,4,8525,6,NULL
11457,9969,490,4,9815,1,NULL
11458,9969,506,4,10552,4,NULL
11459,9970,120,4,17326,7,NULL
11461,9970,14,4,9541,7,NULL
11462,6924,24,4,6724,3,NULL
11463,6924,17,4,6760,3,NULL
11464,8957,220,4,17336,7,NULL
11465,8957,48,4,7119,5,NULL
11466,9980,39,2,7417,2,NULL
11467,9980,52,4,8356,11,NULL
11468,9982,53,4,7159,2,NULL
11469,9982,133,4,14184,6,NULL
11470,6925,24,4,6724,1,NULL
11471,6925,209,4,12997,3,NULL
11472,9985,490,4,9815,1,NULL
11473,9981,146,4,17345,5,NULL
11474,9981,39,4,7417,4,NULL
11475,9986,487,6,10235,1,NULL
11476,9986,514,6,17347,1,NULL
11477,9986,514,6,17348,1,NULL
11478,9986,514,6,17349,1,NULL
11479,9988,53,4,7159,3,NULL
11480,9988,152,4,17350,6,NULL
11481,9987,487,6,9893,1,NULL
11482,9987,2726,6,17352,1,NULL
11483,9987,2726,6,17353,1,NULL
11484,9991,53,4,7159,5,NULL
11485,9991,219,4,17356,4,NULL
11486,9993,156,4,17357,7,NULL
11487,9993,39,4,7417,3,NULL
11488,9994,188,4,17365,3,NULL
11489,9994,39,4,7417,7,NULL
11490,9994,39,4,7011,1,NULL
11491,9997,487,6,9893,1,NULL
11492,9997,487,6,9506,1,NULL
11493,9997,487,6,10235,1,NULL
11494,9997,2732,6,17367,1,NULL
11495,6926,24,4,6724,4,NULL
11496,8958,2728,4,17377,1,NULL
11497,9983,24,4,6724,3,NULL
11498,9983,2731,4,17378,3,NULL
11499,9992,76,4,11844,3,NULL
11500,9992,24,4,6724,5,NULL
